date,AvgSKEW,RV30,RV60,RV90,RP30,RP60,RP90,ATM30,ATM60,ATM90,ATM180,ATM270,ATM360,brent,CO1,CO3,CO6,RR_30,RR_60,RR_90,RR_180,CO31,CO63,CO61,logret
1.12.2008,115.75,86.16682008,78.96984977,73.91918856,-7.356337815,-4.18015023,-2.943443019,93.52315789,83.15,76.86263158,63.06315789,55.05631579,46.83526316,47.31736842,43.88052632,48.37684211,52.88578947,1.756315789,-1.646842105,-2.648421053,-2.277368421,4.496315789,4.508947368,9.005263158,-4.286090791
1.01.2009,119.7875,98.77374632,93.5127185,86.53697554,15.68803203,17.79462326,16.80935649,83.08571429,75.71809524,69.72761905,59.23666667,50.70714286,46.09095238,49.38952381,45.69380952,50.07809524,53.86047619,-5.992380952,-5.45952381,-5.122380952,-4.680952381,4.384285714,3.782380952,8.166666667,5.901800754
1.02.2009,119.9715789,79.01297149,89.18959618,88.28056046,6.19947149,25.26709618,28.56356046,72.8135,63.9225,59.717,51.9805,46.644,42.1905,46.559,43.85,46.69,49.465,-5.838,-5.02,-4.9615,-3.881,2.84,2.775,5.615,-6.689297141
1.03.2009,114.7290909,67.76883738,74.80163587,83.22178067,-4.098889893,9.202090415,20.84859885,71.86772727,65.59954545,62.37318182,52.90454545,46.50227273,41.775,49.78,47.28636364,49.77045455,52.21772727,-6.191818182,-5.188181818,-5.384545455,-3.721363636,2.484090909,2.447272727,4.931363636,-6.907322181
1.04.2009,112.6257143,56.98007474,62.55716237,68.93159323,-6.63892526,4.51766237,13.42559323,63.619,58.0395,55.506,48.3415,44.685,40.376,53.34,51.18,53.411,56.2965,-5.646,-5.661,-5.9125,-4.8695,2.231,2.8855,5.1165,-11.78773177
1.05.2009,117.002,36.55749783,48.12496083,55.6075011,-16.81144954,-0.795565486,11.75013268,53.36894737,48.92052632,43.85736842,40.25368421,37.31684211,34.67736842,60.01315789,57.99684211,59.78052632,62.10473684,-5.856842105,-5.665263158,-6.181052632,-6.310526316,1.783684211,2.324210526,4.107894737,-16.22087421
1.06.2009,119.5763636,34.6290664,36.04606193,44.20912109,-9.760479055,-6.822119888,2.147757454,44.38954545,42.86818182,42.06136364,38.82545455,35.94318182,33.77409091,70.58181818,69.09909091,70.49636364,72.505,-5.168181818,-5.335,-6.07,-6.146363636,1.397272727,2.008636364,3.405909091,5.842058954
1.07.2009,114.9963636,40.20062058,37.67375948,37.29377749,-7.977205507,-9.703631824,-9.182744249,48.17782609,47.3773913,46.47652174,42.94869565,39.27521739,35.48913043,66.57652174,65.64652174,66.8226087,69.00434783,-7.066086957,-7.293913043,-6.658695652,-6.06173913,1.176086957,2.18173913,3.357826087,-11.03644322
1.08.2009,118.3442857,40.16775964,40.31624547,38.6197567,-5.92124036,-6.23025453,-8.0312433,46.089,46.5465,46.651,43.3805,39.8605,36.087,74.345,73.173,74.411,76.38,-5.7305,-5.923,-6.9115,-7.131,1.238,1.969,3.207,6.655287033
1.09.2009,118.9,41.82520623,41.04526124,40.84140836,-3.928884679,-5.606556942,-5.696773458,45.75409091,46.65181818,46.53818182,44.28454545,40.75090909,37.90818182,69.55818182,68.17318182,69.72409091,71.63272727,-4.952727273,-5.331818182,-5.645909091,-6.435,1.550909091,1.908636364,3.459545455,-6.165508912
1.10.2009,119.0613636,34.64135901,38.40225146,39.06169961,-10.14864099,-7.522454422,-6.880653331,44.79,45.92470588,45.94235294,44.39117647,41.45705882,39.07352941,73.98176471,72.49470588,74.01529412,75.98764706,-2.787058824,-3.207058824,-3.891176471,-5.439411765,1.520588235,1.972352941,3.492941176,-5.753749094
1.11.2009,119.604,30.25029826,32.70046663,36.04017238,-8.976368407,-7.926200037,-3.38982762,39.22666667,40.62666667,39.43,39.39666667,37.14333333,38.65333333,78.36333333,77.13333333,78.71,80.76333333,-2.84,-2.036666667,-2.24,-6.556666667,1.576666667,2.053333333,3.63,-2.304268794
1.12.2009,122.3663636,31.96253876,31.21568359,32.489053,-6.114127907,-8.300983077,-11.040947,38.07666667,39.51666667,43.53,41.40666667,37.4,39.24666667,80.19,78.56666667,80.20666667,82.35666667,-3.306666667,-3.986666667,-8.076666667,-2.62,1.64,2.15,3.79,3.997021456
1.01.2010,121.7089474,23.87354659,28.40016366,29.02117409,-8.98645341,-5.594503007,-5.091492577,32.86,33.99466667,34.11266667,33.85733333,33.21,31.87066667,77.048,76.31266667,77.628,79.53,-3.093333333,-3.528,-4.230666667,-4.308666667,1.315333333,1.902,3.217333333,0.178457084
1.02.2010,119.5073684,32.5062245,29.22795323,30.3713244,-0.4525255,-3.44017177,-2.3730506,32.95875,32.668125,32.744375,31.84125,31.5375,30.444375,76.910625,75.34125,76.375625,77.928125,-3.5775,-4.280625,-4.889375,-4.674375,1.034375,1.5525,2.586875,-4.891851134
1.03.2010,120.7495652,29.21205889,30.98151923,29.18896161,-0.793593284,0.35325836,-1.744516651,30.00565217,30.62826087,30.93347826,30.77304348,30.31130435,29.06913043,80.76652174,79.70913043,80.56652174,81.65869565,-2.708695652,-3.246086957,-3.612173913,-4.260869565,0.857391304,1.092173913,1.949565217,-7.560340319
1.04.2010,126.4042857,27.53060402,28.08669044,29.95446424,-0.66839598,-0.55130956,1.03796424,28.199,28.638,28.9165,29.955,29.4835,28.6985,87.1095,85.604,86.96,88.241,-2.0315,-2.997,-3.129,-3.5985,1.356,1.281,2.637,11.14191223
1.05.2010,125.0165,37.4987935,32.91863523,31.72485635,-0.863984278,-3.739142548,-3.53514365,38.36277778,36.65777778,35.26,34.88277778,33.565,32.12944444,77.925,76.63,78.41166667,80.30277778,-4.317222222,-4.742777778,-4.895555556,-4.966666667,1.781666667,1.891111111,3.672777778,1.515790532
1.06.2010,121.0286364,36.81865347,37.64958727,34.57313853,0.797289834,2.02958727,-1.123225106,36.02136364,35.62,35.69636364,35.25409091,34.06681818,32.91454545,76.75272727,75.64227273,76.82136364,78.49090909,-5.474545455,-6.115454545,-6.113181818,-5.925454545,1.179090909,1.669545455,2.848636364,1.076508443
1.07.2010,118.5814286,29.53023796,33.20596617,35.12125556,-3.510671131,-0.637670194,0.92125556,33.04090909,33.84363636,34.2,34.17318182,33.61863636,32.78227273,75.93090909,75.21227273,76.00818182,77.61636364,-2.769545455,-3.321818182,-3.690909091,-3.355,0.795909091,1.608181818,2.404090909,-2.867825372
1.08.2010,119.0686364,33.15238723,31.45923673,33.22612912,1.176196754,-1.34028708,-0.156251832,31.97619048,32.79952381,33.38238095,33.77380952,33.35571429,32.46047619,78.14,77.30571429,78.30238095,79.95,-2.301428571,-3.04952381,-3.586666667,-3.47047619,0.996666667,1.647619048,2.644285714,-0.82320726
1.09.2010,120.9109524,27.04369419,30.47100184,30.17045731,-3.839033083,-1.256725433,-2.496815417,30.88272727,31.72772727,32.66727273,33.46227273,33.175,32.50272727,78.78590909,78.06863636,78.76136364,80.26909091,-1.720909091,-2.346363636,-2.844545455,-3.301363636,0.692727273,1.507727273,2.200454545,-6.785668506
1.10.2010,117.9961905,22.00606507,24.6984582,27.94011313,-9.561553978,-7.005827514,-3.898458299,31.56761905,31.70428571,31.83857143,31.92,31.24619048,30.41380952,84.31761905,83.49619048,84.18238095,85.28095238,-1.907142857,-2.355238095,-2.323809524,-3.05047619,0.686190476,1.098571429,1.784761905,-2.545897468
1.11.2010,119.76,18.81614063,20.48289314,22.9329778,-11.29749573,-10.2884705,-7.942476745,30.11363636,30.77136364,30.87545455,30.90272727,30.52090909,29.88590909,86.49181818,86.03363636,86.43181818,87.15772727,-1.773636364,-2.235,-2.711818182,-3.466818182,0.398181818,0.725909091,1.124090909,-6.099831539
1.12.2010,122.4031818,18.2278627,18.58836344,19.75070397,-10.04975635,-10.3044937,-9.718343649,28.27761905,28.89285714,29.46904762,29.6952381,29.33047619,28.78952381,91.93190476,91.68619048,91.77857143,92.07333333,-1.304285714,-1.869047619,-2.264285714,-2.978571429,0.092380952,0.294761905,0.387142857,-5.413180333
1.01.2011,125.884,18.4001121,18.45189881,18.57193386,-8.7393879,-9.26310119,-9.61856614,27.1395,27.715,28.1905,28.422,28.221,27.542,97.0455,96.702,96.683,97.046,-1.132,-1.5945,-1.9215,-2.6975,-0.019,0.363,0.344,-7.729359042
1.02.2011,128.8522222,20.30147722,19.27753483,19.1991735,-9.89052278,-10.17796517,-10.0403265,30.192,29.4555,29.2395,27.9275,28.3965,27.761,104.844,103.4925,103.9085,104.163,0.401,0.7865,0.519,-2.5025,0.416,0.2545,0.6705,-8.969485726
1.03.2011,122.8165217,30.86346153,26.78293197,24.20137776,-6.212190644,-10.66141586,-12.31949181,37.07565217,37.44434783,36.52086957,33.92043478,32.20217391,30.60782609,114.6826087,114.43,114.2047826,113.5147826,5.175652174,3.896521739,2.886086957,1.164782609,-0.225217391,-0.69,-0.915217391,-6.240350644
1.04.2011,127.331,22.57929447,27.83756218,25.5570293,-5.996261086,-1.715771153,-4.608526256,28.57555556,29.55333333,30.16555556,30.41777778,29.50888889,28.36611111,122.0672222,122.4594444,121.7327778,120.5783333,1.104444444,1.253888889,1.058333333,-0.047222222,-0.726666667,-1.154444444,-1.881111111,7.507568086
1.05.2011,124.4847619,38.44079616,31.71107005,31.78678768,5.93129616,-0.62792995,-0.49021232,32.5095,32.339,32.277,32.0185,30.9735,29.848,113.2385,114.386,113.5255,112.406,-1.301,-1.271,-1.4275,-2.122,-0.8605,-1.1195,-1.98,0.021557794
1.06.2011,119.68,30.16851154,34.99360065,31.49504606,-0.032852096,3.949964286,0.265500605,30.20136364,31.04363636,31.22954545,31.22318182,30.33727273,29.27272727,113.2140909,114.095,113.3059091,112.7777273,-3.152272727,-3.280454545,-3.474545455,-4.435909091,-0.789090909,-0.528181818,-1.317272727,-2.822225175
1.07.2011,122.2225,31.460461,30.69882034,33.90729347,1.157603857,-0.098322517,2.666341089,30.30285714,30.79714286,31.24095238,31.47571429,30.87333333,29.86666667,116.4547619,116.5519048,116.2228571,116.3157143,-3.443333333,-3.698095238,-4.443809524,-5.527619048,-0.329047619,0.092857143,-0.236190476,6.120913925
1.08.2011,120.8191304,25.39245057,28.70032463,29.35380089,-14.31363639,-10.14663189,-9.303590414,39.70608696,38.84695652,38.6573913,37.45695652,35.87043478,34.03869565,109.5404348,110.0082609,109.5808696,109.2430435,-7.919565217,-7.784782609,-7.331304348,-7.574347826,-0.427391304,-0.337826087,-0.765217391,1.245522544
1.09.2011,119.0561905,28.5287467,27.23203458,28.7310226,-11.83852603,-14.18705633,-12.97079558,40.36727273,41.41909091,41.70181818,41.58863636,38.465,36.12,108.1845455,110.4545455,108.2218182,107.1540909,-9.612727273,-8.890909091,-8.153636364,-6.732727273,-2.232727273,-1.067727273,-3.300454545,1.746573107
1.10.2011,120.6942857,28.46137213,28.55292492,27.71362697,-9.98862787,-10.67802746,-12.25399208,38.45,39.23095238,39.96761905,40.63,38.61047619,36.31952381,106.3114286,108.4628571,105.7833333,103.9066667,-8.8,-8.922857143,-9.047619048,-7.494761905,-2.67952381,-1.876666667,-4.556190476,-2.755308212
1.11.2011,121.3361905,26.29604898,27.41457989,27.82460888,-10.15440557,-9.718601928,-9.906300211,36.45045455,37.13318182,37.73090909,37.71590909,35.93636364,34.01318182,109.2813636,110.4477273,109.0959091,107.8854545,-6.164545455,-6.959090909,-8.427272727,-8.791818182,-1.351818182,-1.210454545,-2.562272727,2.264251455
1.12.2011,117.392381,23.28708766,24.86730539,26.1660542,-11.83291234,-11.64269461,-10.28108866,35.12,36.51,36.44714286,36.52,34.97333333,33.4052381,106.8347619,107.872381,107.012381,106.2066667,-2.287142857,-3.244285714,-4.950952381,-7.073809524,-0.86,-0.805714286,-1.665714286,-3.961870169
1.01.2012,122.6915,23.20971089,23.39466639,24.42449918,-7.3507653,-8.302476467,-8.076929391,30.56047619,31.69714286,32.50142857,33.45714286,33.04904762,31.81285714,111.152381,111.2809524,110.867619,110.0390476,-0.98047619,-1.472857143,-2.86952381,-5.435714286,-0.413333333,-0.828571429,-1.241904762,-5.759291991
1.02.2012,126.487,18.19247837,20.89797591,21.90897082,-9.409902582,-8.007738376,-7.725791085,27.60238095,28.90571429,29.6347619,30,29.87238095,28.98714286,117.7419048,118.5038095,117.34,115.8628571,0.618095238,0.258095238,-0.483809524,-2.648095238,-1.163809524,-1.477142857,-2.640952381,-4.680351506
1.03.2012,125.9259091,20.48728957,19.54697429,20.79848125,-6.282255885,-8.678480255,-7.839246023,26.76954545,28.22545455,28.63772727,29.35272727,28.85590909,28.06818182,123.3836364,124.5345455,123.2836364,121.3077273,0.646363636,0.401363636,-0.2,-2.21,-1.250909091,-1.975909091,-3.226818182,3.111639092
1.04.2012,119.803,17.69095662,19.20741903,18.88211081,-6.50754338,-5.89808097,-7.02288919,24.1985,25.1055,25.905,26.87,26.908,26.2665,119.6035,120.657,119.842,118.074,-0.471,-0.5645,-0.946,-2.708,-0.815,-1.768,-2.583,8.95408886
1.05.2012,118.5031818,21.41675262,19.80457717,20.03108239,-3.678464771,-6.429770656,-6.74065674,25.09521739,26.23434783,26.77173913,27.70782609,27.70043478,27.00826087,109.3595652,111.053913,110.0726087,108.7082609,-2.299130435,-2.524347826,-2.55826087,-3.963913043,-0.981304348,-1.364347826,-2.345652174,13.33433075
1.06.2012,118.9704762,30.81675328,26.56440326,24.0580694,-1.225627672,-5.818930073,-8.728121076,32.04238095,32.38333333,32.78619048,32.50142857,31.77285714,30.22571429,95.70761905,96.12095238,95.8952381,95.72380952,-3.752380952,-4.129047619,-4.834761905,-5.797619048,-0.225714286,-0.171428571,-0.397142857,-5.932946925
1.07.2012,117.2785714,33.09435001,32.01697922,28.93321581,2.241168192,0.708797402,-2.513602372,30.85318182,31.30818182,31.44681818,30.94681818,30.325,29.19318182,101.5577273,102.4,101.3740909,100.7472727,-1.041363636,-1.561363636,-2.044545455,-4.384545455,-1.025909091,-0.626818182,-1.652727273,-9.001462139
1.08.2012,120.4078261,20.6187534,27.34163029,28.64077338,-7.172116165,-1.585761014,-0.725313577,27.79086957,28.9273913,29.36608696,29.3373913,28.43695652,27.14782609,111.1234783,112.2586957,110.4665217,109.2234783,0.435652174,-0.279130435,-1.381304348,-4.255217391,-1.792173913,-1.243043478,-3.035217391,-0.898123916
1.09.2012,123.4110526,19.63422004,20.29256731,25.37897211,-9.37877996,-10.00293269,-5.43502789,29.013,30.2955,30.814,30.441,29.654,28.045,112.126,113.143,111.994,110.5065,0.095,-0.556,-1.557,-5.096,-1.149,-1.4875,-2.6365,2.108151
1.10.2012,122.2880952,24.09949701,22.46401737,21.94217597,-3.749633425,-6.466417413,-7.629128378,27.84913043,28.93043478,29.57130435,29.75391304,28.98347826,28.08086957,109.7869565,111.6804348,110.0426087,108.4017391,-0.756086957,-0.905217391,-1.610869565,-4.070869565,-1.637826087,-1.640869565,-3.278695652,1.842852995
1.11.2012,115.9404762,21.64802737,23.01565991,22.27363708,-3.638336266,-3.438885545,-5.169999284,25.28636364,26.45454545,27.44363636,28.18772727,27.67227273,26.77954545,107.7822727,109.4122727,107.81,106.4804545,-0.223181818,-0.505909091,-1.325909091,-3.219090909,-1.602272727,-1.329545455,-2.931818182,0.105613674
1.12.2012,118.664,19.1389816,20.54358557,21.88393749,-4.2385184,-4.09291443,-3.29106251,23.3775,24.6365,25.175,26.0345,26.0605,25.455,107.6685,109.2025,107.468,105.9625,-1.189,-1.2465,-1.86,-3.7015,-1.7345,-1.5055,-3.24,-2.594611801
1.01.2013,121.1052381,15.2985415,17.50874533,19.00900476,-5.328731227,-4.113527397,-3.36099524,20.62727273,21.62227273,22.37,23.83090909,24.235,23.93363636,110.4986364,112.1213636,110.3309091,108.4559091,-1.520454545,-1.651818182,-2.211818182,-3.748181818,-1.790454545,-1.875,-3.665454545,-3.488581807
1.02.2013,125.0857895,11.66379848,13.70897098,16.02601013,-7.69720152,-6.62202902,-4.73298987,19.361,20.331,20.759,21.4295,21.4815,21.1975,114.4215,116.281,114.543,112.344,-2.7035,-2.7735,-2.871,-4.561,-1.738,-2.199,-3.937,5.521471125
1.03.2013,125.364,14.05463113,13.03663268,13.94649348,-3.44486887,-5.25836732,-4.92850652,17.4995,18.295,18.875,19.8925,19.891,19.649,108.275,109.61,108.4015,106.533,-1.6355,-1.961,-2.08,-4.2955,-1.2085,-1.8685,-3.077,5.037787256
1.04.2013,120.1127273,18.76398676,16.56319666,15.22668956,-2.13601324,-4.002712431,-5.176946804,20.9,20.56590909,20.40363636,20.07090909,19.71863636,19.41772727,102.9554545,103.7727273,103.4690909,102.4177273,-2.348181818,-2.265,-2.470454545,-3.517727273,-0.303636364,-1.051363636,-1.355,0.496397927
1.05.2013,118.2727273,25.86673562,22.80106487,20.31056263,4.512822577,1.324977913,-0.94769824,21.35391304,21.47608696,21.25826087,20.52521739,19.93347826,19.28217391,102.4456522,103.3626087,102.8286957,101.883913,-2.555652174,-2.586956522,-2.91,-3.347391304,-0.533913043,-0.944782609,-1.478695652,-0.335563676
1.06.2013,116.8285,21.26174512,23.76467164,22.3839829,1.22024512,3.35667164,1.5944829,20.0415,20.408,20.7895,20.9335,20.451,20.0455,102.79,103.2525,102.66,101.612,-1.928,-2.33,-3.6135,-4.113,-0.5925,-1.048,-1.6405,-3.100529657
1.07.2013,115.8695455,17.77690744,19.83629608,22.07209696,-2.820049082,-0.965008268,1.216444786,20.59695652,20.80130435,20.85565217,20.47434783,19.91043478,19.61521739,106.0269565,107.186087,105.7647826,104.1308696,-1.164347826,-2.099565217,-2.519130435,-3.728695652,-1.421304348,-1.633913043,-3.055217391,-2.1916649
1.08.2013,117.8159091,12.31765713,15.30678415,17.5414271,-7.735070143,-5.19321585,-2.967209264,20.05272727,20.5,20.50863636,20.18363636,19.40590909,19.28818182,108.3763636,110.1622727,108.1427273,106.1272727,-0.793181818,-1.200909091,-1.496818182,-3.612272727,-2.019545455,-2.015454545,-4.035,-0.683381258
1.09.2013,119.058,18.04222611,15.41338062,16.33910661,-3.590154842,-6.419000332,-5.252321961,21.63238095,21.83238095,21.59142857,20.92904762,20.19761905,20.07619048,109.1195238,111.5233333,109.1957143,106.6038095,0.198571429,-0.347142857,-2.066666667,-3.719047619,-2.327619048,-2.591904762,-4.91952381,0.980950901
1.10.2013,127.8556522,17.73510674,17.96910322,16.36026404,-0.518371521,-0.636983737,-2.428866395,18.25347826,18.60608696,18.78913043,18.90521739,18.67434783,18.61652174,108.0543478,109.42,108.07,106.2952174,-1.739565217,-2.650869565,-3.137391304,-3.625652174,-1.35,-1.774782609,-3.124782609,0.667288175
1.11.2013,129.741,17.3759413,17.51800913,17.80771956,-0.657868224,-0.678657537,-0.79275663,18.03380952,18.19666667,18.60047619,18.88857143,18.83714286,18.76,107.3357143,107.8633333,107.2171429,106.2680952,-2.174761905,-2.586666667,-2.881428571,-2.109047619,-0.646190476,-0.949047619,-1.595238095,-2.595944677
1.12.2013,132.2738095,14.96663899,16.19905938,16.74354499,-0.729075296,-0.34046443,-0.394074058,15.69571429,16.53952381,17.13761905,17.5347619,17.50285714,17.45714286,110.1585714,110.6490476,109.9780952,109.0104762,-2.041904762,-2.515238095,-3.19952381,-1.971428571,-0.670952381,-0.967619048,-1.638571429,3.493320725
1.01.2014,132.07,14.55472553,14.82117889,15.68131179,-1.98527447,-2.366548383,-1.811870028,16.54,17.18772727,17.49318182,17.43727273,17.39409091,17.33636364,106.3768182,107.3131818,106.3445455,105.2677273,-2.071818182,-2.680454545,-2.737727273,-2.019090909,-0.968636364,-1.076818182,-2.045454545,-1.418938942
1.02.2014,129.6357895,12.85505636,13.83051137,14.21195877,-2.50394364,-2.21798863,-1.93204123,15.359,16.0485,16.144,16.1505,16.1235,16.082,107.897,108.7015,107.844,106.487,-1.463,-1.128,-1.25,-1.6715,-0.8575,-1.357,-2.2145,0.771647978
1.03.2014,128.6885714,14.41371368,13.63754453,14.04699375,-2.305333939,-2.906264994,-2.487291964,16.71904762,16.54380952,16.53428571,16.53952381,16.55190476,16.56904762,107.067619,107.8104762,107.14,105.6780952,0.079047619,0.025238095,0.074761905,0.517142857,-0.67047619,-1.461904762,-2.132380952,-0.40258293
1.04.2014,125.3980952,15.21500867,14.83907202,14.1919432,-0.636419901,-0.993308932,-1.635675848,15.85142857,15.83238095,15.82761905,15.82619048,15.8147619,15.83190476,107.4995238,108.0752381,107.5985714,106.02,-0.381428571,-0.194761905,0.303809524,15.77095238,-0.476666667,-1.578571429,-2.055238095,-0.536845308
1.05.2014,124.5685714,10.79034823,13.27497005,13.63812331,-3.079197225,-0.834575405,-0.62187669,13.86954545,14.10954545,14.26,14.55045455,14.53045455,14.50090909,108.0781818,109.1781818,107.7940909,106.1009091,0.136818182,2.987727273,7.185,25.89272727,-1.384090909,-1.693181818,-3.077272727,-2.573108375
1.06.2014,129.8428571,11.41418253,11.0846712,12.68594577,-3.352960327,-3.667233562,-2.045958992,14.76714286,14.75190476,14.73190476,14.57238095,14.3747619,14.25952381,110.8952381,111.8266667,110.5471429,109.0042857,1.346190476,0.84047619,0.31952381,-0.841904762,-1.27952381,-1.542857143,-2.822380952,2.157935298
1.07.2014,135.9477273,11.73771916,11.71095346,11.33743909,-2.400976492,-2.358611757,-2.708213084,14.13869565,14.06956522,14.04565217,14.00217391,13.98608696,13.95,108.5278261,108.4608696,108.7634783,108.17,0.199565217,0.057391304,-0.168695652,-0.893478261,0.302608696,-0.593478261,-0.290869565,4.099613568
1.08.2014,130.7333333,13.11705107,12.46028205,12.21946481,-2.144853692,-2.756860807,-3.045297095,15.26190476,15.21714286,15.2647619,15.18809524,15.11428571,15.0252381,104.1685714,103.5304762,104.6747619,105.242381,-0.913809524,-0.964761905,-1.083333333,-1.381428571,1.144285714,0.567619048,1.711904762,4.46247047
1.09.2014,132.9938095,13.01072875,13.0791645,12.65504173,-3.481998523,-3.1658355,-3.480412815,16.49272727,16.245,16.13545455,15.82409091,15.59545455,15.35181818,99.62227273,98.95727273,100.2254545,101.3013636,-1.079545455,-1.195909091,-1.286363636,-1.608181818,1.268181818,1.075909091,2.344090909,11.52488488
1.10.2014,125.3447826,19.11445027,16.48975041,15.43287645,-5.765114947,-7.10851046,-6.920601811,24.87956522,23.59826087,22.35347826,20.55304348,19.21,18.32217391,88.77782609,88.4326087,89.42173913,90.69478261,-3.41173913,-3.333043478,-3.18826087,-3.07173913,0.989130435,1.273043478,2.262173913,9.432085109
1.11.2014,130.2473684,23.75955448,21.68065261,19.26306081,-7.11994552,-7.42884739,-9.22393919,30.8795,29.1095,28.487,26.524,24.696,23.123,80.787,80.4145,81.492,82.979,-3.3365,-3.628,-3.6175,-3.4805,1.0775,1.487,2.5645,22.66106765
1.12.2014,132.2859091,36.62369566,31.09545686,27.70043159,-5.689486158,-9.079997685,-10.86275023,42.31318182,40.17545455,38.56318182,34.57545455,31.84681818,29.69727273,64.40590909,63.84909091,65.05090909,67.12454545,-5.805,-5.547272727,-5.242272727,-4.887727273,1.201818182,2.073636364,3.275454545,22.62993686
1.01.2015,127.601,41.04298234,39.09530047,34.7340399,-6.619874803,-5.820890006,-7.648341052,47.66285714,44.91619048,42.38238095,37.12190476,33.69047619,30.37047619,51.36238095,49.9647619,52.24380952,55.50809524,-5.30047619,-5.35047619,-5.41,-5.28,2.279047619,3.264285714,5.543333333,-16.01938879
1.02.2015,129.4036842,50.39147482,45.80073576,43.13542385,1.28397482,0.33023576,0.33142385,49.1075,45.4705,42.804,36.669,32.647,28.861,60.286,58.3155,60.1925,62.8805,-5.914,-6.396,-6.5915,-5.9265,1.877,2.688,4.565,3.635546884
1.03.2015,124.6754545,41.59230937,46.28278606,44.38017497,-4.606781539,1.699604242,2.049720425,46.19909091,44.58318182,42.33045455,36.30727273,32.08954545,29.02818182,58.13363636,57.27818182,58.87545455,61.30681818,-7.862272727,-7.949090909,-7.613636364,-6.710454545,1.597272727,2.431363636,4.028636364,-6.814632641
1.04.2015,122.1528571,35.99064362,38.59839157,43.10889117,-1.341261142,2.240772522,7.76936736,37.33190476,36.35761905,35.33952381,31.58904762,28.32142857,25.83571429,62.23333333,60.58,62.36333333,64.23285714,-5.258571429,-5.622380952,-5.634761905,-5.27047619,1.783333333,1.86952381,3.652857143,-6.526516808
1.05.2015,123.474,27.24540581,32.21596884,35.41497431,-3.760784666,1.383587888,4.900212405,31.00619048,30.83238095,30.5147619,28.40714286,25.81142857,23.56190476,66.43047619,65.66666667,66.75142857,68.05761905,-3.945714286,-4.554761905,-4.87,-4.933809524,1.084761905,1.306190476,2.390952381,2.934977176
1.06.2015,121.28,35.27624832,31.75552551,33.3564556,5.517157411,1.615980055,2.733273782,29.75909091,30.13954545,30.62318182,30.5,28.68909091,26.39363636,64.50909091,63.84227273,65.15045455,66.63863636,-3.298636364,-3.960454545,-4.462727273,-5.170909091,1.308181818,1.488181818,2.796363636,11.29817037
1.07.2015,122.8409091,34.18089935,34.63297931,32.67079402,0.925247176,1.510370614,-0.643553806,33.25565217,33.1226087,33.31434783,33.50652174,32.21217391,30.07478261,57.6173913,57.25913043,58.13826087,59.70565217,-4.116521739,-4.58173913,-4.921304348,-5.333913043,0.879130435,1.567391304,2.446521739,16.19555667
1.08.2015,123.3104762,36.11320116,35.47024859,35.47318787,-1.694894078,-2.00975141,-1.482526416,37.80809524,37.48,36.95571429,34.74285714,33.00619048,31.09666667,49.00238095,48.11333333,49.55761905,51.72333333,-3.275714286,-3.798571429,-4.033333333,-4.065238095,1.444285714,2.165714286,3.61,-1.508675475
1.09.2015,132.5928571,55.79539429,47.40986518,43.51488228,11.47403065,4.311228816,1.665791371,44.32136364,43.09863636,41.84909091,37.99181818,34.96363636,32.25954545,49.74727273,48.80227273,50.42181818,52.49590909,-2.915454545,-3.469090909,-3.705,-3.922727273,1.619545455,2.074090909,3.693636364,-1.298141851
1.10.2015,132.8509091,41.6038577,49.25919511,45.80243212,2.512494064,10.78101329,7.876523029,39.09136364,38.47818182,37.92590909,35.13681818,32.54272727,30.12636364,50.39727273,49.23863636,50.56272727,52.54636364,-1.399090909,-2.169545455,-2.515454545,-2.901363636,1.324090909,1.983636364,3.307727273,6.583578593
1.11.2015,135.635,35.59641191,38.73757242,45.30490131,-3.366921423,-0.00290377,7.345853691,38.96333333,38.74047619,37.95904762,35.37142857,32.5247619,30.07095238,47.18619048,46.16809524,47.69952381,50.01619048,-1.201428571,-1.906666667,-2.181904762,-2.353809524,1.531428571,2.316666667,3.848095238,16.60435871
1.12.2015,135.4827273,36.75878851,36.41823371,38.09728388,-9.317401966,-7.553194861,-4.237954215,46.07619048,43.97142857,42.3352381,37.8847619,34.70238095,31.96857143,39.96714286,39.32666667,40.4747619,43.0447619,-2.788571429,-2.671904762,-2.647619048,-1.813333333,1.148095238,2.57,3.718095238,18.40781117
1.01.2016,135.2284211,50.0620485,44.11861135,41.50163383,-8.5504515,-11.72788865,-12.14636617,58.6125,55.8465,53.648,47.7365,43.105,39.266,33.2475,32.0525,33.3705,35.7075,-4.1395,-4.2305,-4.169,-3.096,1.318,2.337,3.655,-5.553665702
1.02.2016,121.3035,66.69463479,58.6372951,52.43718991,3.043206219,-1.83222871,-5.427571995,63.65142857,60.46952381,57.8647619,50.99238095,45.97333333,42.38952381,35.14619048,33.46857143,34.89857143,37.07952381,-4.661904762,-4.847142857,-4.882380952,-4.219047619,1.43,2.180952381,3.610952381,-15.27134694
1.03.2016,126.535,59.84967915,63.74086421,59.54569118,14.96831551,19.55586421,15.85205482,44.88136364,44.185,43.69363636,41.75136364,39.09727273,37.42772727,40.945,39.625,40.75727273,42.28727273,-3.86,-3.686363636,-3.513181818,-3.663181818,1.132272727,1.53,2.662272727,-6.431171036
1.04.2016,124.322381,45.75587362,53.30828074,58.32419178,3.223016477,11.41494741,16.91942988,42.53285714,41.89333333,41.4047619,40.83333333,39.37809524,38.05380952,43.6647619,42.93333333,43.30857143,44.37666667,-3.537619048,-3.365238095,-3.2,-3.702380952,0.375238095,1.068095238,1.443333333,-10.86428148
1.05.2016,124.7,44.63685325,45.31997482,50.64230429,5.376398705,6.508156638,11.57912247,39.26045455,38.81181818,39.06318182,39.26818182,39.43954545,38.12727273,48.67590909,47.57590909,48.42636364,49.35681818,-3.116818182,-3.834090909,-4.655454545,-5.870454545,0.850454545,0.930454545,1.780909091,-4.323990441
1.06.2016,136.3995455,32.43550507,39.03175304,41.52844657,-4.874949475,2.027207585,4.447992025,37.31045455,37.00454545,37.08045455,37.05227273,37.51,36.26954545,50.82681818,49.92772727,50.82772727,51.82636364,-5.525454545,-5.306363636,-5.037727273,-5.182727273,0.9,0.998636364,1.898636364,6.456148936
1.07.2016,127.3835,42.92372379,37.98907666,40.28426682,5.981819028,0.834790946,2.83474301,36.94190476,37.15428571,37.44952381,37.21047619,36.29428571,34.7652381,47.64904762,46.87857143,47.82380952,49.34142857,-4.976190476,-5.238571429,-5.27047619,-5.524761905,0.945238095,1.517619048,2.462857143,-0.504407146
1.08.2016,132.2834783,36.00894149,39.54515027,37.40625795,-0.104536771,2.457758966,-0.342872485,36.11347826,37.0873913,37.74913043,38.23173913,37.47869565,35.79608696,47.89,46.96,47.76869565,49.01347826,-3.930869565,-4.713043478,-5.04,-5.347826087,0.808695652,1.244782609,2.053478261,-0.960651217
1.09.2016,127.05,40.57322169,38.41611998,39.96248571,3.076403508,0.814301798,1.807031165,37.49681818,37.60181818,38.15545455,38.03318182,36.79227273,34.88409091,48.35227273,47.14863636,48.07090909,49.43272727,-4.065,-4.937727273,-5.469545455,-5.831363636,0.922272727,1.361818182,2.284090909,-8.650876063
1.10.2016,122.7390476,33.66210188,37.24050599,36.88756926,2.439720928,4.513363133,3.609950212,31.22238095,32.72714286,33.27761905,33.2147619,31.62952381,29.77666667,52.72142857,51.42380952,52.79333333,54.15428571,-3.418095238,-4.474285714,-5.28952381,-6.271904762,1.36952381,1.360952381,2.73047619,7.799050263
1.11.2016,127.5428571,34.41791928,34.07071775,36.30386662,-9.210717084,-7.732464068,-4.163406107,43.62863636,41.80318182,40.46727273,37.96318182,35.41,33.30090909,48.76590909,46.98,48.74772727,50.44454545,-4.363636364,-5.394545455,-5.918181818,-6.475909091,1.767727273,1.696818182,3.464545455,-14.29269259
1.12.2016,125.3385714,51.45674245,43.75685457,40.64550339,20.71055197,12.74352124,9.7250272,30.74619048,31.01333333,30.92047619,30.08428571,28.30238095,26.80714286,56.25857143,54.61380952,55.92238095,56.94428571,-4.547142857,-6.036666667,-6.851428571,-7.498095238,1.308571429,1.021904762,2.33047619,-0.744696526
1.01.2017,131.3555,27.83409394,41.28390697,39.05613146,-0.724996969,12.35436152,9.678404187,28.55909091,28.92954545,29.37772727,29.58045455,28.43363636,26.99363636,56.67909091,55.56090909,56.52636364,57.37863636,-4.178636364,-5.150909091,-5.835454545,-6.741363636,0.965454545,0.852272727,1.817727273,0.008100156
1.02.2017,134.8089474,23.78585525,26.05339401,36.51477745,-1.23764475,-0.29310599,8.66877745,25.0235,26.3465,27.846,28.2205,27.641,26.9395,56.6745,56.002,56.5455,56.8605,-2.583,-3.566,-4.3445,-5.6925,0.5435,0.315,0.8585,6.536035644
1.03.2017,140.0056522,31.0772341,27.94868206,28.29732931,3.228538448,-1.536535331,-1.388322864,27.84869565,29.48521739,29.68565217,28.98826087,28.31782609,27.79956522,53.08869565,52.65869565,53.10608696,53.4373913,-3.264347826,-4.183913043,-4.757391304,-5.310434783,0.447391304,0.331304348,0.778695652,-2.097904324
1.04.2017,138.1921053,20.90414415,27.10371298,26.04056903,-6.153750587,-0.942602809,-2.405220444,27.05789474,28.04631579,28.44578947,28.43368421,28.30315789,28.07631579,54.21421053,53.87684211,54.59157895,54.97315789,-3.102631579,-4.181052632,-4.663157895,-5.046842105,0.714736842,0.381578947,1.096315789,5.459145418
1.05.2017,128.5481818,27.6431791,24.93812274,27.1968864,-2.144212204,-4.365790303,-1.680939687,29.7873913,29.30391304,28.87782609,28.24434783,28.36913043,27.93695652,51.33391304,51.45217391,51.95913043,52.40086957,-3.106086957,-4.015217391,-4.280869565,-4.56826087,0.506956522,0.44173913,0.948695652,7.441174275
1.06.2017,130.3409091,32.49850868,30.46099493,27.82944856,3.951235953,1.905085839,-0.78555144,28.54727273,28.55590909,28.615,29.26909091,29.27681818,28.40545455,47.65272727,47.66227273,48.22772727,48.99045455,-1.995,-2.657727273,-2.989090909,-4.058636364,0.565454545,0.762727273,1.328181818,-3.303718324
1.07.2017,134.7705,33.16754795,32.87570022,31.46489652,6.042309855,5.517128791,3.621086996,27.1252381,27.35857143,27.84380952,29.19714286,28.9152381,28.29952381,49.25333333,48.92333333,49.44285714,50.16714286,-1.526666667,-2.61,-3.374761905,-4.38047619,0.51952381,0.724285714,1.243809524,-5.287774738
1.08.2017,136.4434783,25.50692393,29.44396932,30.49421681,-0.5948152,2.686143233,3.035521158,26.10173913,26.75782609,27.45869565,28.44521739,27.74434783,26.88652174,51.92782609,51.88173913,51.73391304,51.9726087,-1.432173913,-2.806521739,-3.78173913,-4.954782609,-0.147826087,0.238695652,0.090869565,-6.756586865
1.09.2017,137.0926316,19.24997094,22.43730364,26.4330131,-4.879076679,-2.294124931,-0.113177376,24.12904762,24.73142857,26.54619048,26.94428571,26.20714286,25.33857143,55.55761905,55.26904762,54.9247619,54.83285714,-1.690952381,-2.957619048,-3.915238095,-4.551904762,-0.344285714,-0.091904762,-0.436190476,-3.499649573
1.10.2017,140.5036364,23.79900844,21.80116576,22.89450599,0.881735713,-2.515197876,-2.232312192,22.91727273,24.31636364,25.12681818,25.94045455,25.69045455,24.97818182,57.53636364,57.475,56.96727273,56.56181818,-2.140454545,-3.606363636,-4.299090909,-4.821818182,-0.507727273,-0.405454545,-0.913181818,-8.811678571
1.11.2017,130.9509524,22.63499777,23.1659268,22.10460379,-0.761820412,-0.307709564,-1.390850755,23.39681818,23.47363636,23.49545455,23.80909091,23.41454545,22.93818182,62.83636364,62.76590909,62.26636364,61.67363636,-2.161363636,-3.191363636,-4.007272727,-5.14,-0.499545455,-0.592727273,-1.092272727,-1.871625877
1.12.2017,133.568,20.6116088,21.7744241,22.56061205,1.3266088,2.2524241,2.46111205,19.285,19.522,20.0995,21.7935,21.998,21.675,64.0235,63.927,63.1225,62.4855,-2.232,-3.053,-3.56,-4.596,-0.8045,-0.637,-1.4415,-7.475089373
1.01.2018,126.8195238,18.51870658,19.74471685,20.76074848,0.357797489,1.172444123,1.563930298,18.16090909,18.57227273,19.19681818,20.84590909,21.04954545,20.70863636,68.99272727,68.97954545,68.17545455,67.15681818,-1.185,-1.732727273,-2.167272727,-3.565454545,-0.804090909,-1.018636364,-1.822727273,4.895544558
1.02.2018,132.4642105,20.59357623,19.60735982,19.99921231,-2.00592377,-3.33614018,-3.27378769,22.5995,22.9435,23.273,24.1355,23.963,23.6425,65.6965,65.894,65.306,64.27,-2.5405,-2.679,-2.964,-3.9785,-0.588,-1.036,-1.624,-1.57588217
1.03.2018,133.8504762,23.8707487,22.26411022,21.1339525,0.215034414,-1.370175494,-3.083666548,23.65571429,23.63428571,24.21761905,24.70619048,24.8447619,24.73571429,66.74,66.50571429,65.81619048,64.76095238,-0.851428571,-1.346190476,-1.943809524,-3.466190476,-0.68952381,-1.055238095,-1.744761905,-7.493529083
1.04.2018,126.4757143,29.17139509,26.72179958,24.7997564,4.559966519,1.806085294,0.017851638,24.61142857,24.91571429,24.78190476,24.89428571,25.66142857,25.68428571,71.93333333,71.52904762,70.3752381,68.92380952,0.467619048,-0.424285714,-1.126190476,-2.9,-1.153809524,-1.451428571,-2.605238095,-6.721266837
1.05.2018,132.8754545,29.56978913,29.32450065,27.61881576,3.966310869,4.067109346,2.727511412,25.60347826,25.2573913,24.89130435,25.18869565,25.78,25.48826087,76.93434783,76.90130435,76.33,74.99130435,-0.305217391,-0.379130435,-0.884347826,-2.900869565,-0.571304348,-1.338695652,-1.91,1.481644741
1.06.2018,137.6495238,29.39582633,29.50537541,29.36665309,4.221064425,4.897756362,4.701414995,25.1747619,24.60761905,24.6652381,25.61238095,26.27904762,25.91380952,75.80285714,75.85333333,75.22857143,74.31047619,-1.446666667,-1.394761905,-1.415238095,-2.854285714,-0.624761905,-0.918095238,-1.542857143,0.759798177
1.07.2018,144.067619,32.00592495,30.74095056,30.41616415,6.797288586,5.494132378,4.914345968,25.20863636,25.24681818,25.50181818,26.00909091,25.95318182,25.52863636,75.22909091,75.18772727,75.19909091,74.72727273,-1.154545455,-0.943636364,-1.091818182,-2.535909091,0.011363636,-0.471818182,-0.460454545,1.84843324
1.08.2018,145.2386957,24.31924551,28.84134397,28.92426147,0.374897684,4.378735274,4.221217992,23.94434783,24.4626087,24.70304348,25.62130435,25.62478261,25.44086957,73.85130435,73.70391304,74.06086957,73.7773913,-1.394347826,-1.317826087,-1.655217391,-2.93826087,0.356956522,-0.283478261,0.073478261,-6.9455347
1.09.2018,144.8684211,21.19642962,22.5704827,26.4962793,-3.22857038,-1.8365173,1.6117793,24.425,24.407,24.8845,24.899,24.711,24.6825,79.163,78.8445,78.0565,77.272,-0.3135,-0.762,-1.2645,-2.712,-0.788,-0.7845,-1.5725,-2.02634497
1.10.2018,128.3547826,21.54249755,21.45899912,22.34643298,-3.607937233,-3.903174793,-2.957045281,25.15043478,25.36217391,25.30347826,24.82130435,24.41217391,24.00521739,80.78347826,80.94478261,80.4373913,79.9226087,-0.638695652,-0.999130435,-1.448695652,-2.775217391,-0.507391304,-0.514782609,-1.022173913,19.86595248
1.11.2018,118.5847619,34.42743577,28.89869285,26.68848738,-4.533927866,-8.343125332,-9.331967165,38.96136364,37.24181818,36.02045455,33.80318182,31.94909091,30.93818182,66.22863636,66.71090909,67.06227273,67.40863636,-6.159090909,-5.714545455,-5.483181818,-5.043181818,0.351363636,0.346363636,0.697727273,13.02762478
1.12.2018,118.91,47.28568066,40.89002096,35.65934389,3.48868066,0.17402096,-3.38415611,43.797,40.716,39.0435,35.9665,32.9115,31.29,58.139,57.92,58.3635,58.9105,-6.256,-6.1515,-5.6115,-4.457,0.4435,0.547,0.9905,-3.574131763
1.01.2019,122.3257143,45.66055488,46.32901738,42.14374199,9.001463971,10.37674465,6.190560172,36.65909091,35.95227273,35.95318182,35.22272727,32.61636364,30.70227273,60.25454545,59.87318182,60.11318182,60.38954545,-3.245909091,-3.183636364,-3.579090909,-3.423181818,0.24,0.276363636,0.516363636,-6.629490816
1.02.2019,126.0605263,25.19231913,37.1347437,40.64407387,-2.31818087,8.1617437,10.97757387,27.5105,28.973,29.6665,30.5915,29.473,28.4245,64.3845,64.2245,64.202,63.932,-2.0725,-2.634,-3.3675,-3.6755,-0.0225,-0.27,-0.2925,-3.899490925
1.03.2019,124.3042857,22.72918038,24.24484025,33.25599625,-3.047010096,-2.498969274,5.342186726,25.77619048,26.74380952,27.91380952,28.66619048,28.15857143,26.90285714,66.9447619,66.9152381,66.56619048,66.16571429,-3.192857143,-3.958095238,-4.527142857,-4.738571429,-0.349047619,-0.40047619,-0.74952381,-6.52233752
1.04.2019,126.1038095,22.59989477,22.79730155,23.81313423,0.007513818,-0.747936545,0.00361042,22.59238095,23.5452381,23.80952381,23.81047619,24.21809524,23.61857143,71.45666667,71.41857143,70.4552381,69.38619048,-2.135238095,-3.23047619,-3.950952381,-4.367142857,-0.963333333,-1.069047619,-2.032380952,1.503999774
1.05.2019,117.8509091,29.73373268,26.63298116,25.41540758,1.902863115,-2.167888405,-3.388070681,27.83086957,28.80086957,28.80347826,28.54304348,27.98608696,27.1773913,70.39,70.66434783,68.9026087,67.48913043,-3.678695652,-4.40826087,-4.805652174,-4.826521739,-1.76173913,-1.413478261,-3.175217391,10.76124218
1.06.2019,115.385,37.00213069,33.58077277,30.46209607,-0.01886931,-2.73372723,-5.07190393,37.021,36.3145,35.534,33.821,32.677,31.1905,63.2085,62.935,61.4745,60.758,-4.695,-5.009,-5.0925,-5.1625,-1.4605,-0.7165,-2.177,-1.746563692
1.07.2019,123.0809524,31.99938924,34.28837839,32.94180463,3.24765011,5.287508825,3.814848108,28.75173913,29.00086957,29.12695652,29.67652174,28.85130435,27.69086957,64.32217391,64.27478261,63.60782609,62.82565217,-2.25826087,-3.703913043,-4.143043478,-5.596956522,-0.666956522,-0.782173913,-1.449130435,7.318764506
1.08.2019,114.8222727,39.07643377,35.68118233,35.96557346,9.443251952,5.788909603,5.743755278,29.63318182,29.89227273,30.22181818,30.84409091,29.78545455,27.69409091,59.78272727,59.71727273,58.78136364,58.085,-3.865,-3.791818182,-4.106363636,-4.945454545,-0.935909091,-0.696363636,-1.632272727,-4.335966133
1.09.2019,118.112,48.59002208,44.39650623,40.66817814,14.45716494,10.45698242,6.622940045,34.13285714,33.93952381,34.0452381,33.46666667,31.76666667,29.29285714,62.43190476,62.27047619,60.53142857,59.32238095,0.43952381,-0.719047619,-2.154761905,-4.628571429,-1.739047619,-1.209047619,-2.948095238,4.585930682
1.10.2019,123.07,38.9440243,45.30388044,43.55164613,5.998372126,11.3473587,9.767733087,32.94565217,33.95652174,33.78391304,33.05086957,31.61956522,29.68130435,59.63347826,59.65608696,58.67695652,57.73086957,-0.140869565,-1.05173913,-2.220869565,-4.242173913,-0.979130435,-0.946086957,-1.925217391,-4.769581264
1.11.2019,126.4335,24.73444535,31.85912203,39.43501161,-4.584602269,1.992931554,9.470725896,29.31904762,29.86619048,29.96428571,29.9547619,28.85571429,27.22809524,62.54666667,62.6047619,61.04428571,59.83428571,-2.534761905,-3.572380952,-4.096190476,-4.841428571,-1.56047619,-1.21,-2.77047619,-4.207224044
1.12.2019,137.052381,21.01980278,23.04710275,28.87486888,-4.209578172,-2.537040107,2.64034507,25.22938095,25.58414286,26.23452381,26.61804762,25.63809524,24.42133333,65.23428571,65.00380952,63.28571429,61.7752381,-5.074333333,-5.219095238,-5.213285714,-5.351952381,-1.718095238,-1.51047619,-3.228571429,2.517876609
1.01.2020,131.52,26.97371044,24.22406964,24.44050213,-1.669198651,-5.033293996,-4.13749787,28.64290909,29.25736364,28.578,27.60386364,26.00763636,24.74540909,63.61227273,64.02909091,62.62136364,60.90863636,-3.549681818,-4.155545455,-4.110636364,-4.555363636,-1.407727273,-1.712727273,-3.120454545,13.35985632
1.02.2020,132.7036842,37.4259714,32.65569111,29.31043823,1.6672714,-0.36490889,-2.17991177,35.7587,33.0206,31.49035,28.6675,26.43395,24.99445,55.657,55.8595,55.72,55.678,-5.0847,-4.86025,-4.526,-4.2046,-0.1395,-0.042,-0.1815,55.31169026
1.03.2020,120.6218182,111.3160925,83.91761974,70.42535391,21.62250159,8.601892467,5.93085391,89.69359091,75.31572727,64.4945,48.00168182,41.024,36.29136364,32.01136364,34.99181818,37.73090909,40.33045455,-19.99445455,-20.03804545,-18.03359091,-12.59931818,2.739090909,2.599545455,5.338636364,55.49094502
1.04.2020,123.6047619,256.2853371,198.6677041,163.7101985,155.1593871,115.8390541,96.4306985,101.12595,82.82865,67.2795,52.10385,45.0964,40.51105,18.3785,26.2625,31.352,34.945,-24.86875,-21.97325,-16.78355,-10.2509,5.0895,3.593,8.6825,-46.90968388
1.05.2020,128.1425,246.6555908,255.8000511,218.5666701,178.0044855,197.1913143,164.4163543,68.65110526,58.60873684,54.15031579,46.69484211,42.69910526,40.01505263,29.37894737,31.89473684,33.40842105,35.46578947,-16.81089474,-15.05468421,-13.74168421,-9.582947368,1.513684211,2.057368421,3.571052632,-31.52494177
1.06.2020,133.1181818,68.55777985,182.7305248,212.7632983,18.73691621,134.6680248,166.7720256,49.82086364,48.0625,45.99127273,43.05704545,39.99304545,37.02713636,40.26681818,40.50818182,40.93227273,41.69227273,-12.88959091,-12.75672727,-12.07063636,-9.414681818,0.424090909,0.76,1.184090909,-7.12885074
1.07.2020,139.9277273,33.93352363,52.2594945,141.1751982,-4.78873724,13.26214667,102.1647199,38.72226087,38.99734783,39.01047826,39.32308696,37.91734783,36.12126087,43.24217391,43.12869565,43.58826087,44.25826087,-10.85343478,-11.54543478,-11.44291304,-11.158,0.459565217,0.67,1.129565217,-3.396227959
1.08.2020,141.1504762,21.74713011,28.06120199,42.67100952,-8.68051989,-4.20709801,8.54760952,30.42765,32.2683,34.1234,35.42945,34.63985,33.0267,44.736,44.9195,45.791,46.814,-7.19995,-8.21485,-8.7667,-9.50985,0.8715,1.023,1.8945,8.94151256
1.09.2020,132.1247619,41.15669378,33.02638267,33.60518311,4.40419378,-5.439980966,-5.428089617,36.7525,38.46636364,39.03327273,38.10759091,36.05168182,34.26640909,40.90954545,42.07045455,43.04727273,44.22454545,-10.52036364,-11.62454545,-11.50154545,-9.513545455,0.976818182,1.177272727,2.154090909,1.967838243
1.10.2020,123.7790909,40.63308216,41.36369985,36.19020461,-1.662774983,-1.117204912,-4.779700152,42.29585714,42.48090476,40.96990476,39.97052381,37.82814286,35.77138095,40.11238095,41.64619048,42.47809524,43.41809524,-13.21019048,-14.19933333,-12.93190476,-11.002,0.831904762,0.94,1.771904762,-6.23354337
1.11.2020,131.382,45.5033277,43.23907781,42.95922275,3.68485151,3.051315905,3.082127512,41.81847619,40.1877619,39.87709524,38.01509524,35.59966667,33.65314286,42.69238095,43.49761905,43.94428571,44.59238095,-13.12652381,-12.45266667,-12.34219048,-10.15328571,0.446666667,0.648095238,1.094761905,-15.90020335
1.12.2020,140.725,27.85347673,37.83200362,38.89992884,-5.883285175,3.10847981,3.673976459,33.7367619,34.72352381,35.22595238,35.097,33.7202381,32.15352381,50.05,50.08333333,50.11285714,49.97952381,-7.199142857,-8.892571429,-9.548238095,-9.581190476,0.02952381,-0.133333333,-0.103809524,-9.019312305
1.01.2021,141.8747368,28.86148737,28.38530086,35.15937355,-3.92941263,-4.55779914,2.88452355,32.7909,32.9431,32.27485,32.0673,30.9763,30.0977,54.774,55.1175,54.867,54.107,-7.35225,-8.60315,-8.8536,-9.1626,-0.2505,-0.76,-1.0105,-12.83685188
1.02.2021,139.0921053,21.59422338,25.49183626,26.64574259,-10.37792662,-5.32801374,-3.87070741,31.97215,30.81985,30.51645,29.6241,28.57205,27.60905,62.2765,61.769,60.7115,59.2465,-5.77515,-6.7624,-7.7138,-7.62845,-1.0575,-1.465,-2.5225,-4.776283059
1.03.2021,141.2847826,39.78504061,32.48667208,31.29157209,3.879995155,-2.719782465,-3.212609728,35.90504545,35.20645455,34.50418182,32.97772727,32.14331818,30.80381818,65.32318182,65.89409091,64.86545455,63.29545455,-5.831772727,-5.853590909,-6.041772727,-5.848636364,-1.028636364,-1.57,-2.598636364,0.832282326
1.04.2021,138.4771429,44.80766515,43.85723426,37.92750011,11.8755475,10.52541073,4.960911875,32.93211765,33.33182353,32.96658824,32.53570588,31.50517647,30.35358824,64.78176471,65.06117647,64.17352941,63.01470588,-5.986235294,-6.094411765,-5.902647059,-6.222294118,-0.887647059,-1.158823529,-2.046470588,-5.630888944
1.05.2021,143.5915,26.15056112,38.35500328,38.84239426,-6.923649406,5.581582227,5.883288997,33.07421053,32.77342105,32.95910526,32.82010526,31.89352632,30.16236842,68.53421053,68.18631579,67.56631579,66.26789474,-5.408368421,-5.781210526,-6.229684211,-6.756210526,-0.62,-1.298421053,-1.918421053,-6.537169491
1.06.2021,156.3740909,20.73422439,23.86935389,33.55287064,-8.304093792,-5.576737019,4.004825185,29.03831818,29.44609091,29.54804545,29.78740909,29.08718182,28.15772727,73.16409091,73.14409091,71.87863636,70.17863636,-4.969227273,-5.066318182,-4.476045455,-5.863363636,-1.265454545,-1.7,-2.965454545,-2.699305236
1.07.2021,154.2157143,28.11220896,25.22806156,25.59641574,-2.661563767,-5.426302076,-5.370766078,30.77377273,30.65436364,30.96718182,30.69227273,29.51177273,28.44477273,75.16590909,74.23909091,72.70909091,70.72,-5.985409091,-5.626772727,-5.760681818,-6.473318182,-1.53,-1.989090909,-3.519090909,6.249768988
1.08.2021,154.5531818,37.23598095,33.68447995,29.97905388,4.04903095,0.61632995,-2.95704612,33.18695,33.06815,32.9361,31.9303,30.53415,29.2865,70.612,70.4265,69.351,67.946,-6.30195,-6.8624,-7.334,-7.6622,-1.0755,-1.405,-2.4805,-6.206421121
1.09.2021,148.177619,29.92037242,33.82702606,32.74992585,-0.241760913,2.82602606,1.272259183,30.16213333,31.001,31.47766667,31.74273333,31.07933333,30.4286,75.13333333,75.28133333,73.83466667,72.072,-3.251133333,-4.475866667,-5.193866667,-6.549266667,-1.446666667,-1.762666667,-3.209333333,-10.60384453
1.11.2021,150.550003,27.68844591,24.95318618,26.87609303,-10.44200864,-13.32149564,-11.68127061,38.13045455,38.27468182,38.55736364,38.66836364,37.65277273,36.16859091,81.05,81.47727273,79.60227273,77.47136364,-7.568409091,-7.426636364,-8.059,-8.672909091,-1.875,-2.130909091,-4.005909091,9.83091928
1.12.2021,154.380005,51.10523757,42.09955565,36.46178239,6.470296394,-2.463679644,-7.883629375,44.63494118,44.56323529,44.34541176,43.39529412,41.14417647,38.87941176,73.46117647,73.42529412,72.85882353,71.83764706,-13.20258824,-14.67141176,-14.24158824,-13.27188235,-0.566470588,-1.021176471,-1.587647059,-16.75520844
1.01.2022,131.440002,31.07916462,42.32490244,38.85191134,-6.85508538,3.83280244,-0.00308866,37.93425,38.4921,38.855,39.1544,38.19535,37.00295,86.861,85.2305,83.6345,81.3815,-3.08025,-4.2056,-4.6925,-8.0299,-1.596,-2.253,-3.849,-11.39711529
1.02.2022,137.360001,29.13065317,30.47026091,39.00284768,-15.11308367,-13.10047593,-3.975994425,44.24373684,43.57073684,42.97884211,41.41984211,39.92710526,37.70826316,97.34684211,93.83052632,90.04842105,86.75263158,-0.314894737,-1.250052632,-3.009315789,-5.684631579,-3.782105263,-3.295789474,-7.077894737,-18.34195592
1.03.2022,140.729996,74.09583717,56.74471679,49.90757075,5.265291715,-6.365646846,-8.237065614,68.83054545,63.11036364,58.14463636,49.70381818,44.42936364,40.72418182,116.9445455,112.2395455,105.6181818,98.60454545,9.697545455,8.678909091,6.626363636,3.167045455,-6.621363636,-7.013636364,-13.635,11.17928182
1.04.2022,136.690002,66.51759718,72.0659914,61.25352149,13.31943929,20.57857035,11.04973202,53.19815789,51.48742105,50.20378947,45.34305263,41.12526316,38.34694737,104.5752632,105.5373684,103.5610526,99.80210526,3.638052632,3.512263158,3.120157895,1.553578947,-1.976315789,-3.758947368,-5.735263158,-8.046410958
1.05.2022,119.099998,52.9009554,61.15003733,66.10831286,2.525050638,10.06579923,15.37988429,50.37590476,51.0842381,50.72842857,47.50314286,44.1482381,41.28009524,113.337619,111.4414286,107.0795238,101.54,-0.423714286,0.195142857,0.216571429,-0.857333333,-4.361904762,-5.53952381,-9.901428571,-7.320809159
1.06.2022,119.940002,33.38148747,44.35372006,53.5585734,-13.22801253,-2.301002162,7.003795622,46.6095,46.65472222,46.55477778,45.35111111,42.69155556,40.75727778,121.9461111,117.5755556,111.4466667,105.4183333,-0.955666667,-1.552277778,-2.048666667,-3.748944444,-6.128888889,-6.028333333,-12.15722222,-7.320809159
,,,,218.5666701,,,,,,,,,,,,,,,,,,,,,
