date;AvgSKEW;ATM180;ATM270;ATM30;ATM360;ATM60;ATM90;brent;CO1;CO3;CO6;RV30;RV60;RV90;RR_30;RR_60;RR_90;RR_180;RR_270;RR_360;log_ret
1.12.2008;115.75;63.06315789;55.05631579;93.52315789;46.83526316;83.15;76.86263158;47.31736842;43.88052632;48.37684211;52.88578947;91.03380253;88.27605717;84.12734746;1.75631579;-1.6468421;-2.64842106;-2.27736842;-1.75526316;3.12578947;1.861425581
1.01.2009;119.7875;59.23666667;50.70714286;83.08571429;46.09095238;75.71809524;69.72761905;49.38952381;45.69380952;50.07809524;53.86047619;84.30529466;87.95818015;87.3871845;-5.99238095;-5.45952381;-5.12238095;-4.68095238;-4.03809524;-1.3852381;-2.563119501
1.02.2009;119.9715789;51.9805;46.644;72.8135;42.1905;63.9225;59.717;46.559;43.85;46.69;49.465;53.90223235;71.39268985;78.5601886;-5.838;-5.02;-4.9615;-3.881;-3.622;-1.619;2.905124836
1.03.2009;114.7290909;52.90454545;46.50227273;71.86772727;41.775;65.59954545;62.37318182;49.78;47.28636364;49.77045455;52.21772727;70.37829703;63.18804392;71.25295475;-6.19181818;-5.18818181;-5.38454545;-3.72136364;-2.63636363;-2.99454546;2.999811908
1.04.2009;112.6257143;48.3415;44.685;63.619;40.376;58.0395;55.506;53.34;51.18;53.411;56.2965;63.08271013;67.47231227;63.43366571;-5.646;-5.661;-5.9125;-4.8695;-3.622;-2.545;5.119346857
1.05.2009;117.002;40.25368421;37.31684211;53.36894737;34.67736842;48.92052632;43.85736842;60.01315789;57.99684211;59.78052632;62.10473684;38.49158857;52.20079508;59.47434531;-5.85684211;-5.66526316;-6.18105263;-6.31052632;-6.06157895;-5.97315789;7.044636162
1.06.2009;119.5763636;38.82545455;35.94318182;44.38954545;33.77409091;42.86818182;42.06136364;70.58181818;69.09909091;70.49636364;72.505;34.87011492;36.66164114;47.00026108;-5.16818181;-5.335;-6.07;-6.14636363;-5.39954546;-4.80181818;-2.537173965
1.07.2009;114.9963636;42.94869565;39.27521739;48.17782609;35.48913043;47.3773913;46.47652174;66.57652174;65.64652174;66.8226087;69.00434783;35.02001762;34.92670092;35.83110461;-7.06608696;-7.29391305;-6.65869566;-6.06173914;-4.49;-4.81086956;4.793066389
1.08.2009;118.3442857;43.3805;39.8605;46.089;36.087;46.5465;46.651;74.345;73.173;74.411;76.38;36.58991174;35.83158333;35.51452432;-5.7305;-5.923;-6.9115;-7.131;-6.788;-5.3685;-2.890354433
1.09.2009;118.9;44.28454545;40.75090909;45.75409091;37.90818182;46.65181818;46.53818182;69.55818182;68.17318182;69.72409091;71.63272727;36.00764465;36.21358928;35.9751898;-4.95272727;-5.33181818;-5.64590909;-6.435;-8.04772727;-7.455;2.6776465
1.10.2009;119.0613636;44.39117647;41.45705882;44.79;39.07352941;45.92470588;45.94235294;73.98176471;72.49470588;74.01529412;75.98764706;40.50079611;37.94407466;37.66373262;-2.78705883;-3.20705882;-3.89117647;-5.43941176;-6.05823529;-5.56352941;2.498821477
1.11.2009;119.604;39.39666667;37.14333333;39.22666667;38.65333333;40.62666667;39.43;78.36333333;77.13333333;78.71;80.76333333;32.31771055;33.84256743;36.06634466;-2.84;-2.03666667;-2.24;-6.55666667;-2.93;-3.68666667;1.000731224
1.12.2009;122.3663636;41.40666667;37.4;38.07666667;39.24666667;39.51666667;43.53;80.19;78.56666667;80.20666667;82.35666667;28.14935203;30.80802152;35.49174014;-3.30666667;-3.98666666;-8.07666667;-2.62;-6.64666667;-2.93333333;-1.735884362
1.01.2010;121.7089474;33.85733333;33.21;32.86;31.87066667;33.99466667;34.11266667;77.048;76.31266667;77.628;79.53;20.44597692;22.88290607;26.41474115;-3.09333334;-3.528;-4.23066667;-4.30866666;-4.738;-4.354;-0.077502927
1.02.2010;119.5073684;31.84125;31.5375;32.95875;30.444375;32.668125;32.744375;76.910625;75.34125;76.375625;77.928125;32.92365021;27.80959239;27.08562695;-3.5775;-4.280625;-4.889375;-4.674375;-5.041875;-4.53875;2.124503954
1.03.2010;120.7495652;30.77304348;30.31130435;30.00565217;29.06913043;30.62826087;30.93347826;80.76652174;79.70913043;80.56652174;81.65869565;25.96874139;29.54321613;27.09544379;-2.70869566;-3.24608695;-3.61217392;-4.26086957;-4.71391305;-4.85478261;3.283414081
1.04.2010;126.4042857;29.955;29.4835;28.199;28.6985;28.638;28.9165;87.1095;85.604;86.96;88.241;20.93651043;22.89361561;27.02549858;-2.0315;-2.997;-3.129;-3.5985;-4.4375;-3.922;-4.838870999
1.05.2010;125.0165;34.88277778;33.565;38.36277778;32.12944444;36.65777778;35.26;77.925;76.63;78.41166667;80.30277778;31.28491596;26.73875242;25.98357122;-4.31722222;-4.74277778;-4.89555556;-4.96666667;-4.655;-4.93111111;-0.658299465
1.06.2010;121.0286364;35.25409091;34.06681818;36.02136364;32.91454545;35.62;35.69636364;76.75272727;75.64227273;76.82136364;78.49090909;33.32737992;32.31887624;29.05834048;-5.47454545;-6.11545454;-6.11318182;-5.92545454;-6.30181818;-5.75409091;-0.467521676
1.07.2010;118.5814286;34.17318182;33.61863636;33.04090909;32.78227273;33.84363636;34.2;75.93090909;75.21227273;76.00818182;77.61636364;26.95015134;30.15325738;30.77476548;-2.76954546;-3.32181818;-3.69090909;-3.355;-3.83272727;-3.9540909;1.245480735
1.08.2010;119.0686364;33.77380952;33.35571429;31.97619048;32.46047619;32.79952381;33.38238095;78.14;77.30571429;78.30238095;79.95;26.82167101;26.86427785;29.01203106;-2.30142857;-3.0495238;-3.58666667;-3.47047619;-3.83380953;-4.00666667;0.35751437
1.09.2010;120.9109524;33.46227273;33.175;30.88272727;32.50272727;31.72772727;32.66727273;78.78590909;78.06863636;78.76136364;80.26909091;21.71838129;24.58352403;25.28044156;-1.7209091;-2.34636364;-2.84454546;-3.30136364;-3.45409091;-3.71681818;2.94697839
1.10.2010;117.9961905;31.92;31.24619048;31.56761905;30.41380952;31.70428571;31.83857143;84.31761905;83.49619048;84.18238095;85.28095238;22.31615435;22.25122507;23.92782181;-1.90714285;-2.35523809;-2.32380953;-3.05047619;-3.48904762;-3.5947619;1.10566922
1.11.2010;119.76;30.90272727;30.52090909;30.11363636;29.88590909;30.77136364;30.87545455;86.49181818;86.03363636;86.43181818;87.15772727;24.07122764;23.54611683;22.92043149;-1.77363636;-2.235;-2.71181818;-3.46681818;-3.77409091;-3.98363637;2.649123178
1.12.2010;122.4031818;29.6952381;29.33047619;28.27761905;28.78952381;28.89285714;29.46904762;91.93190476;91.68619048;91.77857143;92.07333333;22.07498304;23.33890547;23.36760796;-1.30428571;-1.86904762;-2.26428572;-2.97857143;-3.48809524;-3.53095238;2.350914349
1.01.2011;125.884;28.422;28.221;27.1395;27.542;27.715;28.1905;97.0455;96.702;96.683;97.046;18.36583426;20.05918632;21.42314947;-1.132;-1.5945;-1.9215;-2.6975;-3.2235;-3.183;3.35681798
1.02.2011;128.8522222;27.9275;28.3965;30.192;27.761;29.4555;29.2395;104.844;103.4925;103.9085;104.163;22.86772462;20.54233313;21.15592506;0.401;0.7865;0.519;-2.5025;-3.4155;-2.7935;3.895398158
1.03.2011;122.8165217;33.92043478;32.20217391;37.07565217;30.60782609;37.44434783;36.52086957;114.6826087;114.43;114.2047826;113.5147826;30.16981007;27.06522073;24.45871584;5.17565217;3.89652174;2.88608695;1.1647826;-1.04391304;-2.54217391;2.71014984
1.04.2011;127.331;30.41777778;29.50888889;28.57555556;28.36611111;29.55333333;30.16555556;122.0672222;122.4594444;121.7327778;120.5783333;24.76624596;28.0829261;26.40997924;1.10444444;1.25388889;1.05833333;-0.04722222;-1.73944444;-3.20888889;-3.260495384
1.05.2011;124.4847619;32.0185;30.9735;32.5095;29.848;32.339;32.277;113.2385;114.386;113.5255;112.406;41.51961819;34.31501527;33.16007131;-1.301;-1.271;-1.4275;-2.122;-3.3305;-4.1625;-0.009362434
1.06.2011;119.68;31.22318182;30.33727273;30.20136364;29.27272727;31.04363636;31.22954545;113.2140909;114.095;113.3059091;112.7777273;29.13774445;36.66718537;33.11465358;-3.15227273;-3.28045455;-3.47454545;-4.43590909;-5.07227273;-5.26863636;1.225676822
1.07.2011;122.2225;31.47571429;30.87333333;30.30285714;29.86666667;30.79714286;31.24095238;116.4547619;116.5519048;116.2228571;116.3157143;31.34520089;30.35823651;35.21182052;-3.44333333;-3.69809524;-4.44380952;-5.52761904;-5.83809524;-5.77333334;-2.658279133
1.08.2011;120.8191304;37.45695652;35.87043478;39.70608696;34.03869565;38.84695652;38.6573913;109.5404348;110.0082609;109.5808696;109.2430435;31.84919395;31.57355875;30.9460798;-7.91956522;-7.78478261;-7.33130434;-7.57434782;-6.55217391;-6.47;-0.540923557
1.09.2011;119.0561905;41.58863636;38.465;40.36727273;36.12;41.41909091;41.70181818;108.1845455;110.4545455;108.2218182;107.1540909;27.79287475;30.76785403;30.6577302;-9.61272728;-8.89090909;-8.15363636;-6.73272727;-5.4309091;-4.74090909;-0.758527069
1.10.2011;120.6942857;40.63;38.61047619;38.45;36.31952381;39.23095238;39.96761905;106.3114286;108.4628571;105.7833333;103.9066667;33.74426226;30.84851561;31.88690527;-8.8;-8.92285714;-9.04761904;-7.49476191;-6.46;-5.66761905;1.196615126
1.11.2011;121.3361905;37.71590909;35.93636364;36.45045455;34.01318182;37.13318182;37.73090909;109.2813636;110.4477273;109.0959091;107.8854545;26.6326287;30.39600815;29.59982508;-6.16454545;-6.95909091;-8.42727272;-8.79181818;-7.60545454;-6.57;-0.9833519
1.12.2011;117.392381;36.52;34.97333333;35.12;33.4052381;36.51;36.44714286;106.8347619;107.872381;107.012381;106.2066667;24.54484714;25.53187661;28.53326875;-2.28714286;-3.24428571;-4.95095238;-7.07380953;-7.20190477;-6.33095239;1.720618373
1.01.2012;122.6915;33.45714286;33.04904762;30.56047619;31.81285714;31.69714286;32.50142857;111.152381;111.2809524;110.867619;110.0390476;23.57425894;24.16850074;24.93607681;-0.98047619;-1.47285714;-2.86952381;-5.43571429;-6.31047619;-5.90047619;2.501228727
1.02.2012;126.487;30;29.87238095;27.60238095;28.98714286;28.90571429;29.6347619;117.7419048;118.5038095;117.34;115.8628571;14.13739646;19.52099928;21.38051833;0.61809524;0.25809523;-0.48380952;-2.64809524;-4.08047619;-4.9147619;2.032650831
1.03.2012;125.9259091;29.35272727;28.85590909;26.76954545;28.06818182;28.22545455;28.63772727;123.3836364;124.5345455;123.2836364;121.3077273;20.30657953;17.6328965;19.7231637;0.64636364;0.40136364;-0.2;-2.21;-4.09863637;-4.665;-1.3513677
1.04.2012;119.803;26.87;26.908;24.1985;26.2665;25.1055;25.905;119.6035;120.657;119.842;118.074;18.69390029;19.61464297;18.0119027;-0.471;-0.5645;-0.946;-2.708;-3.348;-4.3185;-3.888711389
1.05.2012;118.5031818;27.70782609;27.70043478;25.09521739;27.00826087;26.23434783;26.77173913;109.3595652;111.053913;110.0726087;108.7082609;18.73685181;18.70227005;19.22931267;-2.29913044;-2.52434782;-2.55826087;-3.96391304;-4.93;-5.18217391;-5.791026259
1.06.2012;118.9704762;32.50142857;31.77285714;32.04238095;30.22571429;32.38333333;32.78619048;95.70761905;96.12095238;95.8952381;95.72380952;26.29910495;22.94521342;21.63269836;-3.75238096;-4.12904762;-4.83476191;-5.79761904;-6.21761905;-6.19380952;2.576646122
1.07.2012;117.2785714;30.94681818;30.325;30.85318182;29.19318182;31.30818182;31.44681818;101.5577273;102.4;101.3740909;100.7472727;36.29032618;31.97729141;28.42600272;-1.04136363;-1.56136363;-2.04454545;-4.38454545;-5.31590909;-5.50272727;3.90928534
1.08.2012;120.4078261;29.3373913;28.43695652;27.79086957;27.14782609;28.9273913;29.36608696;111.1234783;112.2586957;110.4665217;109.2234783;22.08539896;29.55314263;29.07162156;0.43565218;-0.27913043;-1.38130435;-4.25521739;-5.04521739;-4.41086956;0.390050245
1.09.2012;123.4110526;30.441;29.654;29.013;28.045;30.2955;30.814;112.126;113.143;111.994;110.5065;18.37681818;20.32651008;26.60251139;0.095;-0.556;-1.557;-5.096;-5.4215;-2.4665;-0.915558355
1.10.2012;122.2880952;29.75391304;28.98347826;27.84913043;28.08086957;28.93043478;29.57130435;109.7869565;111.6804348;110.0426087;108.4017391;25.0996465;22.21435159;22.10999066;-0.75608695;-0.90521739;-1.61086956;-4.07086956;-4.18173913;-2.46565217;-0.800340889
1.11.2012;115.9404762;28.18772727;27.67227273;25.28636364;26.77954545;26.45454545;27.44363636;107.7822727;109.4122727;107.81;106.4804545;24.37112476;24.90458277;23.10847601;-0.22318182;-0.50590909;-1.32590909;-3.21909091;-3.94409091;-4.31545454;-0.045867425
1.12.2012;118.664;26.0345;26.0605;23.3775;25.455;24.6365;25.175;107.6685;109.2025;107.468;105.9625;17.92945187;21.5898835;23.02626097;-1.189;-1.2465;-1.86;-3.7015;-5.5345;-3.7335;1.126825602
1.01.2013;121.1052381;23.83090909;24.235;20.62727273;23.93363636;21.62227273;22.37;110.4986364;112.1213636;110.3309091;108.4559091;13.68727311;16.164972;19.4447527;-1.52045455;-1.65181818;-2.21181818;-3.74818182;-5.18954545;-3.7559091;1.515071814
1.02.2013;125.0857895;21.4295;21.4815;19.361;21.1975;20.331;20.759;114.4215;116.281;114.543;112.344;11.45036645;12.73921019;14.69764843;-2.7035;-2.7735;-2.871;-4.561;-5.1565;-5.7065;-2.397944442
1.03.2013;125.364;19.8925;19.891;17.4995;19.649;18.295;18.875;108.275;109.61;108.4015;106.533;13.72938739;12.58422706;13.1366815;-1.6355;-1.961;-2.08;-4.2955;-4.426;-4.406;-2.187883225
1.04.2013;120.1127273;20.07090909;19.71863636;20.9;19.41772727;20.56590909;20.40363636;102.9554545;103.7727273;103.4690909;102.4177273;20.02212942;17.20679718;15.5164061;-2.34818182;-2.265;-2.47045455;-3.51772728;-3.89454546;-3.835;-0.21558285
1.05.2013;118.2727273;20.52521739;19.93347826;21.35391304;19.28217391;21.47608696;21.25826087;102.4456522;103.3626087;102.8286957;101.883913;20.37039076;20.69686988;18.69736056;-2.55565217;-2.58695652;-2.91;-3.34739131;-3.5773913;-2.93826087;0.145733442
1.06.2013;116.8285;20.9335;20.451;20.0415;20.0455;20.408;20.7895;102.79;103.2525;102.66;101.612;17.03242702;18.83373781;19.65279728;-1.928;-2.33;-3.6135;-4.113;-4.1075;-3.7805;1.346542912
1.07.2013;115.8695455;20.47434783;19.91043478;20.59695652;19.61521739;20.80130435;20.85565217;106.0269565;107.186087;105.7647826;104.1308696;16.62818218;17.03268096;18.09856955;-1.16434782;-2.09956522;-2.51913044;-3.72869566;-3.78478261;-3.49260869;0.951827967
1.08.2013;117.8159091;20.18363636;19.40590909;20.05272727;19.28818182;20.5;20.50863636;108.3763636;110.1622727;108.1427273;106.1272727;12.4761569;14.68357876;15.69269127;-0.79318182;-1.20090909;-1.49681818;-3.61227273;-3.21863637;-3.47454546;0.29678872
1.09.2013;119.058;20.92904762;20.19761905;21.63238095;20.07619048;21.83238095;21.59142857;109.1195238;111.5233333;109.1957143;106.6038095;20.23196367;16.87603653;16.79900913;0.19857143;-0.34714286;-2.06666667;-3.71904762;-3.39523809;-3.70904762;-0.42602157
1.10.2013;127.8556522;18.90521739;18.67434783;18.25347826;18.61652174;18.60608696;18.78913043;108.0543478;109.42;108.07;106.2952174;17.04944911;18.78270961;17.10158796;-1.73956521;-2.65086956;-3.13739131;-3.62565218;-3.07;-3.41478261;-0.289799556
1.11.2013;129.741;18.88857143;18.83714286;18.03380952;18.76;18.19666667;18.60047619;107.3357143;107.8633333;107.2171429;106.2680952;19.61715012;18.30203025;19.09290095;-2.1747619;-2.58666667;-2.88142857;-2.10904762;-2.34523809;-2.5652381;1.127404431
1.12.2013;132.2738095;17.5347619;17.50285714;15.69571429;17.45714286;16.53952381;17.13761905;110.1585714;110.6490476;109.9780952;109.0104762;16.1636834;17.97806315;17.62276179;-2.04190476;-2.51523809;-3.19952381;-1.97142857;-2.31952381;-2.51;-1.517129896
1.01.2014;132.07;17.43727273;17.39409091;16.54;17.33636364;17.18772727;17.49318182;106.3768182;107.3131818;106.3445455;105.2677273;14.75473397;15.53448694;16.95743383;-2.07181818;-2.68045455;-2.73772727;-2.01909091;-2.34363636;-2.56227273;0.616237345
1.02.2014;129.6357895;16.1505;16.1235;15.359;16.082;16.0485;16.144;107.897;108.7015;107.844;106.487;12.3019906;13.65312167;14.53782858;-1.463;-1.128;-1.25;-1.6715;-1.8905;-1.967;-0.335122478
1.03.2014;128.6885714;16.53952381;16.55190476;16.71904762;16.56904762;16.54380952;16.53428571;107.067619;107.8104762;107.14;105.6780952;14.65844922;13.52112542;14.04506458;0.07904762;0.0252381;0.0747619;0.51714286;1.43714286;3.62;0.17483956
1.04.2014;125.3980952;15.82619048;15.8147619;15.85142857;15.83190476;15.83238095;15.82761905;107.4995238;108.0752381;107.5985714;106.02;14.43968592;14.57187335;13.84617291;-0.38142857;-0.1947619;0.30380952;15.77095238;36.07809523;47.16904762;0.233148951
1.05.2014;124.5685714;14.55045455;14.53045455;13.86954545;14.50090909;14.10954545;14.26;108.0781818;109.1781818;107.7940909;106.1009091;11.2536441;12.95480488;13.58022058;0.13681818;2.98772727;7.185;25.89272727;30.53909091;42.08590909;1.117486778
1.06.2014;129.8428571;14.57238095;14.3747619;14.76714286;14.25952381;14.75190476;14.73190476;110.8952381;111.8266667;110.5471429;109.0042857;10.4479666;10.95099037;12.2059228;1.34619047;0.84047619;0.31952381;-0.84190477;-1.2952381;-1.72619048;-0.937179389
1.07.2014;135.9477273;14.00217391;13.98608696;14.13869565;13.95;14.06956522;14.04565217;108.5278261;108.4608696;108.7634783;108.17;12.70498108;11.79907071;11.56433155;0.19956522;0.0573913;-0.16869566;-0.89347826;-1.3126087;-1.18913043;-1.780439567
1.08.2014;130.7333333;15.18809524;15.11428571;15.26190476;15.0252381;15.21714286;15.2647619;104.1685714;103.5304762;104.6747619;105.242381;15.02817354;13.92308852;13.03945506;-0.91380953;-0.96476191;-1.08333333;-1.38142858;-1.70904762;-1.85;-1.938026288
1.09.2014;132.9938095;15.82409091;15.59545455;16.49272727;15.35181818;16.245;16.13545455;99.62227273;98.95727273;100.2254545;101.3013636;18.11093918;16.65864876;15.47817776;-1.07954546;-1.19590909;-1.28636364;-1.60818182;-1.78954545;-1.80727272;-5.005193906
1.10.2014;125.3447826;20.55304348;19.21;24.87956522;18.32217391;23.59826087;22.35347826;88.77782609;88.4326087;89.42173913;90.69478261;21.26582651;19.88172436;18.48664562;-3.41173913;-3.33304348;-3.18826087;-3.07173913;-2.79565218;-2.4826087;-4.096302517
1.11.2014;130.2473684;26.524;24.696;30.8795;23.123;29.1095;28.487;80.787;80.4145;81.492;82.979;23.79358596;22.81457365;21.44441109;-3.3365;-3.628;-3.6175;-3.4805;-3.1885;-2.986;-9.841576636
1.12.2014;132.2859091;34.57545455;31.84681818;42.31318182;29.69727273;40.17545455;38.56318182;64.40590909;63.84909091;65.05090909;67.12454545;40.25082548;33.41589744;29.97613695;-5.805;-5.54727273;-5.24227273;-4.88772728;-4.00954546;-3.865;-9.828056704
1.01.2015;127.601;37.12190476;33.69047619;47.66285714;30.37047619;44.91619048;42.38238095;51.36238095;49.9647619;52.24380952;55.50809524;44.84591845;42.75621422;37.71671671;-5.30047619;-5.35047619;-5.41;-5.28;-4.63619048;-1.03047619;6.957132157
1.02.2015;129.4036842;36.669;32.647;49.1075;28.861;45.4705;42.804;60.286;58.3155;60.1925;62.8805;58.90048859;52.19316755;48.66957895;-5.914;-6.396;-6.5915;-5.9265;-5.58;-0.1965;-1.578897953
1.03.2015;124.6754545;36.30727273;32.08954545;46.19909091;29.02818182;44.58318182;42.33045455;58.13363636;57.27818182;58.87545455;61.30681818;47.69416847;53.61414412;50.80500091;-7.86227273;-7.94909091;-7.61363636;-6.71045455;-5.89136364;-3.9740909;2.959557353
1.04.2015;122.1528571;31.58904762;28.32142857;37.33190476;25.83571429;36.35761905;35.33952381;62.23333333;60.58;62.36333333;64.23285714;49.53120088;48.4473804;52.22586171;-5.25857142;-5.62238095;-5.63476191;-5.27047619;-4.82857143;-4.36857143;2.834430238
1.05.2015;123.474;28.40714286;25.81142857;31.00619048;23.56190476;30.83238095;30.5147619;66.43047619;65.66666667;66.75142857;68.05761905;31.07667806;41.56098857;43.51733532;-3.94571429;-4.55476191;-4.87;-4.93380952;-4.65761905;-4.3852381;-1.274644391
1.06.2015;121.28;30.5;28.68909091;29.75909091;26.39363636;30.13954545;30.62318182;64.50909091;63.84227273;65.15045455;66.63863636;32.77520975;32.11038951;38.7753372;-3.29863637;-3.96045455;-4.46272727;-5.17090909;-5.20045454;-4.86;-4.906733051
1.07.2015;122.8409091;33.50652174;32.21217391;33.25565217;30.07478261;33.1226087;33.31434783;57.6173913;57.25913043;58.13826087;59.70565217;32.73580023;32.62464326;32.09240654;-4.11652174;-4.58173913;-4.92130435;-5.33391305;-5.27956522;-5.10478261;-7.033640892
1.08.2015;123.3104762;34.74285714;33.00619048;37.80809524;31.09666667;37.48;36.95571429;49.00238095;48.11333333;49.55761905;51.72333333;34.57551686;34.14812474;33.72370113;-3.27571428;-3.79857143;-4.03333333;-4.06523809;-3.89285714;-3.71619048;0.655209438
1.09.2015;132.5928571;37.99181818;34.96363636;44.32136364;32.25954545;43.09863636;41.84909091;49.74727273;48.80227273;50.42181818;52.49590909;66.28512783;54.0061676;48.1078039;-2.91545455;-3.46909091;-3.705;-3.92272728;-3.78772728;-3.57045455;0.563775843
1.10.2015;132.8509091;35.13681818;32.54272727;39.09136364;30.12636364;38.47818182;37.92590909;50.39727273;49.23863636;50.56272727;52.54636364;41.52424114;54.86285836;50.35122975;-1.39909091;-2.16954545;-2.51545455;-2.90136364;-2.90363637;-2.82454546;-2.859211853
1.11.2015;135.635;35.37142857;32.5247619;38.96333333;30.07095238;38.74047619;37.95904762;47.18619048;46.16809524;47.69952381;50.01619048;36.52385966;39.06352766;49.51367316;-1.20142857;-1.90666667;-2.18190476;-2.35380952;-2.25714286;-2.44761905;-7.211181365
1.12.2015;135.4827273;37.8847619;34.70238095;46.07619048;31.96857143;43.97142857;42.3352381;39.96714286;39.32666667;40.4747619;43.0447619;37.08687491;36.81424683;38.4775061;-2.78857143;-2.67190476;-2.64761905;-1.81333334;-2.03;-1.69285714;-7.994410817
1.01.2016;135.2284211;47.7365;43.105;58.6125;39.266;55.8465;53.648;33.2475;32.0525;33.3705;35.7075;51.3584839;44.89950894;42.37998986;-4.1395;-4.2305;-4.169;-3.096;-2.799;-1.007;2.411926374
1.02.2016;121.3035;50.99238095;45.97333333;63.65142857;42.38952381;60.46952381;57.8647619;35.14619048;33.46857143;34.89857143;37.07952381;71.9331673;62.55794974;55.34387311;-4.66190477;-4.84714286;-4.88238096;-4.21904762;-4.06095238;-3.55761904;6.632261702
1.03.2016;126.535;41.75136364;39.09727273;44.88136364;37.42772727;44.185;43.69363636;40.945;39.625;40.75727273;42.28727273;53.97695674;63.98531739;60.48349267;-3.86;-3.68636364;-3.51318182;-3.66318182;-3.86363637;-3.54136363;2.793022088
1.04.2016;124.322381;40.83333333;39.37809524;42.53285714;38.05380952;41.89333333;41.4047619;43.6647619;42.93333333;43.30857143;44.37666667;41.26664736;47.91057323;57.33314508;-3.53761905;-3.36523809;-3.2;-3.70238095;-4.36047619;-4.34380952;4.718297499
1.05.2016;124.7;39.26818182;39.43954545;39.26045455;38.12727273;38.81181818;39.06318182;48.67590909;47.57590909;48.42636364;49.35681818;39.58896631;40.66360398;45.18727042;-3.11681818;-3.83409091;-4.65545455;-5.87045455;-4.46;-4.77409091;1.877885188
1.06.2016;136.3995455;37.05227273;37.51;37.31045455;36.26954545;37.00454545;37.08045455;50.82681818;49.92772727;50.82772727;51.82636364;28.08670737;34.24916352;36.9483735;-5.52545455;-5.30636363;-5.03772728;-5.18272727;-6.25136364;-6.26772727;-2.803869855
1.07.2016;127.3835;37.21047619;36.29428571;36.94190476;34.7652381;37.15428571;37.44952381;47.64904762;46.87857143;47.82380952;49.34142857;44.10076907;37.25169752;37.75561275;-4.97619047;-5.23857142;-5.27047619;-5.52476191;-5.54619048;-5.77571429;0.219061239
1.08.2016;132.2834783;38.23173913;37.47869565;36.11347826;35.79608696;37.0873913;37.74913043;47.89;46.96;47.76869565;49.01347826;34.3429972;39.35189236;36.47802436;-3.93086957;-4.71304348;-5.04;-5.34782608;-5.55086957;-5.86043478;0.417205525
1.09.2016;127.05;38.03318182;36.79227273;37.49681818;34.88409091;37.60181818;38.15545455;48.35227273;47.14863636;48.07090909;49.43272727;37.24600007;35.67366003;38.60838089;-4.065;-4.93772727;-5.46954545;-5.83136364;-5.865;-6.41272727;3.757027734
1.10.2016;122.7390476;33.2147619;31.62952381;31.22238095;29.77666667;32.72714286;33.27761905;52.72142857;51.42380952;52.79333333;54.15428571;35.26661648;36.52642794;35.64890118;-3.41809524;-4.47428572;-5.28952381;-6.27190476;-6.2052381;-6.13809524;-3.387084493
1.11.2016;127.5428571;37.96318182;35.41;43.62863636;33.30090909;41.80318182;40.46727273;48.76590909;46.98;48.74772727;50.44454545;28.77335217;32.34606773;34.21216962;-4.36363637;-5.39454545;-5.91818182;-6.47590909;-6.72772727;-6.35727273;6.207237525
1.12.2016;125.3385714;30.08428571;28.30238095;30.74619048;26.80714286;31.01333333;30.92047619;56.25857143;54.61380952;55.92238095;56.94428571;48.01468955;39.99446595;38.31853271;-4.54714286;-6.03666666;-6.85142857;-7.49809524;-7.48285715;-6.62190477;0.323417591
1.01.2017;131.3555;29.58045455;28.43363636;28.55909091;26.99363636;28.92954545;29.37772727;56.67909091;55.56090909;56.52636364;57.37863636;26.07823198;38.06190716;35.93973858;-4.17863636;-5.15090909;-5.83545455;-6.74136364;-6.71909091;-6.79454546;-0.003517854
1.02.2017;134.8089474;28.2205;27.641;25.0235;26.9395;26.3465;27.846;56.6745;56.002;56.5455;56.8605;21.49877281;24.06486351;33.94336846;-2.583;-3.566;-4.3445;-5.6925;-6.1745;-6.3775;-2.838564216
1.03.2017;140.0056522;28.98826087;28.31782609;27.84869565;27.79956522;29.48521739;29.68565217;53.08869565;52.65869565;53.10608696;53.4373913;23.48902637;22.70254516;23.92308039;-3.26434783;-4.18391305;-4.75739131;-5.31043478;-5.35565217;-5.53086956;0.911108276
1.04.2017;138.1921053;28.43368421;28.30315789;27.05789474;28.07631579;28.04631579;28.44578947;54.21421053;53.87684211;54.59157895;54.97315789;18.70359158;21.64509344;21.56069034;-3.10263158;-4.18105263;-4.6631579;-5.04684211;-5.63473684;-5.8468421;-2.370876737
1.05.2017;128.5481818;28.24434783;28.36913043;29.7873913;27.93695652;29.30391304;28.87782609;51.33391304;51.45217391;51.95913043;52.40086957;26.64067699;23.43348606;23.49869362;-3.10608696;-4.0152174;-4.28086956;-4.56826087;-5.46956522;-5.55;-3.231660926
1.06.2017;130.3409091;29.26909091;29.27681818;28.54727273;28.40545455;28.55590909;28.615;47.65272727;47.66227273;48.22772727;48.99045455;28.74924299;28.2095292;25.53084572;-1.995;-2.65772727;-2.98909091;-4.05863636;-5.90863636;-5.74090909;1.434786637
1.07.2017;134.7705;29.19714286;28.9152381;27.1252381;28.29952381;27.35857143;27.84380952;49.25333333;48.92333333;49.44285714;50.16714286;28.29368583;28.49271616;28.30681216;-1.52666667;-2.61;-3.3747619;-4.38047619;-4.97714286;-5.4047619;2.296451396
1.08.2017;136.4434783;28.44521739;27.74434783;26.10173913;26.88652174;26.75782609;27.45869565;51.92782609;51.88173913;51.73391304;51.9726087;23.59048774;26.03643291;26.9406645;-1.43217391;-2.80652174;-3.78173913;-4.95478261;-5.18478261;-5.46086957;2.934348391
1.09.2017;137.0926316;26.94428571;26.20714286;24.12904762;25.33857143;24.73142857;26.54619048;55.55761905;55.26904762;54.9247619;54.83285714;23.09498464;23.20170406;24.98755783;-1.69095238;-2.95761905;-3.9152381;-4.55190476;-5.00428571;-5.20142857;1.519878499
1.10.2017;140.5036364;25.94045455;25.69045455;22.91727273;24.97818182;24.31636364;25.12681818;57.53636364;57.475;56.96727273;56.56181818;22.19502845;22.66273713;22.87886748;-2.14045455;-3.60636363;-4.29909091;-4.82181818;-5.13272727;-4.83318182;3.826863379
1.11.2017;130.9509524;23.80909091;23.41454545;23.39681818;22.93818182;23.47363636;23.49545455;62.83636364;62.76590909;62.26636364;61.67363636;21.29111462;21.71424293;22.15973168;-2.16136363;-3.19136364;-4.00727272;-5.14;-5.20909091;-5.19590909;0.812836788
1.12.2017;133.568;21.7935;21.998;19.285;21.675;19.522;20.0995;64.0235;63.927;63.1225;62.4855;20.29788683;20.90441154;21.36220168;-2.232;-3.053;-3.56;-4.596;-4.741;-4.6525;3.246390065
1.01.2018;126.8195238;20.84590909;21.04954545;18.16090909;20.70863636;18.57227273;19.19681818;68.99272727;68.97954545;68.17545455;67.15681818;17.32797523;19.03849184;19.82912761;-1.185;-1.73272728;-2.16727273;-3.56545454;-3.84454545;-4.23363637;-2.126107986
1.02.2018;132.4642105;24.1355;23.963;22.5995;23.6425;22.9435;23.273;65.6965;65.894;65.306;64.27;18.91188596;18.29999766;19.01144132;-2.5405;-2.679;-2.964;-3.9785;-4.243;-4.506;0.684396931
1.03.2018;133.8504762;24.70619048;24.8447619;23.65571429;24.73571429;23.63428571;24.21761905;66.74;66.50571429;65.81619048;64.76095238;24.16246856;21.66787352;20.46113046;-0.85142858;-1.34619048;-1.94380952;-3.46619048;-4.40714286;-4.52238095;3.254398329
1.04.2018;126.4757143;24.89428571;25.66142857;24.61142857;25.68428571;24.91571429;24.78190476;71.93333333;71.52904762;70.3752381;68.92380952;26.26588365;25.25908484;23.32294975;0.46761904;-0.42428572;-1.12619048;-2.9;-4.42666667;-4.62095238;2.919009103
1.05.2018;132.8754545;25.18869565;25.78;25.60347826;25.48826087;25.2573913;24.89130435;76.93434783;76.90130435;76.33;74.99130435;22.19720513;24.18963026;24.26213201;-0.30521739;-0.37913043;-0.88434783;-2.90086957;-2.46652174;-3.17347826;-0.643470139
1.06.2018;137.6495238;25.61238095;26.27904762;25.1747619;25.91380952;24.60761905;24.6652381;75.80285714;75.85333333;75.22857143;74.31047619;24.54234045;23.40592112;24.31618219;-1.44666667;-1.3947619;-1.4152381;-2.85428571;-4.38952381;-4.76333334;-0.329976153
1.07.2018;144.067619;26.00909091;25.95318182;25.20863636;25.52863636;25.24681818;25.50181818;75.22909091;75.18772727;75.19909091;74.72727273;33.39529479;29.44182355;27.28197801;-1.15454545;-0.94363636;-1.09181818;-2.53590909;-3.75636363;-4.10454545;-0.802764356
1.08.2018;145.2386957;25.62130435;25.62478261;23.94434783;25.44086957;24.4626087;24.70304348;73.85130435;73.70391304;74.06086957;73.7773913;24.84545186;29.92373913;28.46345398;-1.39434783;-1.31782609;-1.65521739;-2.93826087;-3.37304348;-3.66130434;3.016407393
1.09.2018;144.8684211;24.899;24.711;24.425;24.6825;24.407;24.8845;79.163;78.8445;78.0565;77.272;18.55104908;21.63837572;26.67804288;-0.3135;-0.762;-1.2645;-2.712;-3.295;-3.413;0.880030439
1.10.2018;128.3547826;24.82130435;24.41217391;25.15043478;24.00521739;25.36217391;25.30347826;80.78347826;80.94478261;80.4373913;79.9226087;24.00218603;21.60058207;22.69755138;-0.63869565;-0.99913044;-1.44869565;-2.77521739;-3.59260869;-3.5226087;-8.62767354
1.11.2018;118.5847619;33.80318182;31.94909091;38.96136364;30.93818182;37.24181818;36.02045455;66.22863636;66.71090909;67.06227273;67.40863636;34.66165174;30.09988427;26.90465146;-6.15909091;-5.71454546;-5.48318182;-5.04318182;-5.56136363;-5.34409091;-5.65782555
1.12.2018;118.91;35.9665;32.9115;43.797;31.29;40.716;39.0435;58.139;57.92;58.3635;58.9105;47.69108535;41.82046301;36.97458683;-6.256;-6.1515;-5.6115;-4.457;-4.926;-4.5845;1.552225699
1.01.2019;122.3257143;35.22272727;32.61636364;36.65909091;30.70227273;35.95227273;35.95318182;60.25454545;59.87318182;60.11318182;60.38954545;47.77788414;48.23801526;44.42889918;-3.24590909;-3.18363637;-3.57909091;-3.42318182;-3.44;-3.03045454;2.879151282
1.02.2019;126.0605263;30.5915;29.473;27.5105;28.4245;28.973;29.6665;64.3845;64.2245;64.202;63.932;24.20018217;38.29385178;41.90080445;-2.0725;-2.634;-3.3675;-3.6755;-3.6945;-3.4905;1.693527388
1.03.2019;124.3042857;28.66619048;28.15857143;25.77619048;26.90285714;26.74380952;27.91380952;66.9447619;66.9152381;66.56619048;66.16571429;19.07249555;22.00342733;33.38245638;-3.19285715;-3.95809524;-4.52714286;-4.73857143;-4.37380952;-4.64285714;2.832615199
1.04.2019;126.1038095;23.81047619;24.21809524;22.59238095;23.61857143;23.5452381;23.80952381;71.45666667;71.41857143;70.4552381;69.38619048;14.4764829;17.11671937;19.91322274;-2.13523809;-3.23047619;-3.95095238;-4.36714286;-4.88428572;-4.49333334;-0.653178805
1.05.2019;117.8509091;28.54304348;27.98608696;27.83086957;27.1773913;28.80086957;28.80347826;70.39;70.66434783;68.9026087;67.48913043;21.15593439;18.32498952;18.57226822;-3.67869565;-4.40826087;-4.80565217;-4.82652174;-5.11304348;-4.72347826;-4.673548099
1.06.2019;115.385;33.821;32.677;37.021;31.1905;36.3145;35.534;63.2085;62.935;61.4745;60.758;37.34090021;30.32591234;26.23112391;-4.695;-5.009;-5.0925;-5.1625;-4.9815;-4.716;0.758522972
1.07.2019;123.0809524;29.67652174;28.85130435;28.75173913;27.69086957;29.00086957;29.12695652;64.32217391;64.27478261;63.60782609;62.82565217;31.54007146;34.25793958;30.76390381;-2.25826087;-3.70391305;-4.14304348;-5.59695652;-5.33956521;-5.46130434;-3.178499039
1.08.2019;114.8222727;30.84409091;29.78545455;29.63318182;27.69409091;29.89227273;30.22181818;59.78272727;59.71727273;58.78136364;58.085;40.55531241;36.36976334;36.60779146;-3.865;-3.79181818;-4.10636364;-4.94545455;-4.7809091;-5.24;1.883086166
1.09.2019;118.112;33.46666667;31.76666667;34.13285714;29.29285714;33.93952381;34.0452381;62.43190476;62.27047619;60.53142857;59.32238095;44.75341268;43.34110781;39.90601716;0.43952381;-0.71904761;-2.1547619;-4.62857143;-6.3652381;-5.74904762;-1.991644389
1.10.2019;123.07;33.05086957;31.61956522;32.94565217;29.68130435;33.95652174;33.78391304;59.63347826;59.65608696;58.67695652;57.73086957;38.1715987;45.02331104;43.50642971;-0.14086956;-1.05173913;-2.22086957;-4.24217391;-5.16913043;-5.12956522;2.071402827
1.11.2019;126.4335;29.9547619;28.85571429;29.31904762;27.22809524;29.86619048;29.96428571;62.54666667;62.6047619;61.04428571;59.83428571;20.79904811;30.13450053;38.46053739;-2.5347619;-3.57238096;-4.09619047;-4.84142857;-5.11;-4.51333333;1.827174181
1.12.2019;137.052381;26.61804762;25.63809524;25.22938095;24.42133333;25.58414286;26.23452381;65.23428571;65.00380952;63.28571429;61.7752381;23.24869853;22.11299645;28.25024231;-5.07433333;-5.21909523;-5.21328572;-5.35195238;-5.29242857;-4.79285714;-1.093499913
1.01.2020;131.52;27.60386364;26.00763636;28.64290909;24.74540909;29.25736364;28.578;63.61227273;64.02909091;62.62136364;60.90863636;25.52318643;24.43772976;23.33361778;-3.54968182;-4.15554546;-4.11063637;-4.55536363;-4.74431818;-4.75154545;-5.802111879
1.02.2020;132.7036842;28.6675;26.43395;35.7587;24.99445;33.0206;31.49035;55.657;55.8595;55.72;55.678;34.46648911;30.39818749;28.26568149;-5.0847;-4.86025;-4.526;-4.2046;-4.0983;-3.81245;-24.02156186
1.03.2020;120.6218182;48.00168182;41.024;89.69359091;36.29136364;75.31572727;64.4945;32.01136364;34.99181818;37.73090909;40.33045455;108.0210121;80.89986331;67.86776768;-19.99445452;-20.03804546;-18.03359091;-12.59931819;-9.11813637;-7.11963636;-24.09941122
1.04.2020;123.6047619;52.10385;45.0964;101.12595;40.51105;82.82865;67.2795;18.3785;26.2625;31.352;34.945;140.8073858;129.7149956;107.8031498;-24.86875;-21.97325;-16.78355;-10.2509;-8.26535;-7.6198;20.37261686
1.05.2020;128.1425;46.69484211;42.69910526;68.65110526;40.01505263;58.60873684;54.15031579;29.37894737;31.89473684;33.40842105;35.46578947;118.0064256;130.8982003;126.7028646;-16.81089474;-15.05468421;-13.74168421;-9.58294736;-7.19842106;-6.67794737;13.69110825
1.06.2020;133.1181818;43.05704545;39.99304545;49.82086364;37.02713636;48.0625;45.99127273;40.26681818;40.50818182;40.93227273;41.69227273;57.92091037;91.68017571;111.3542904;-12.8895909;-12.75672728;-12.07063637;-9.41468182;-8.53622728;-7.6635;3.096020538
1.07.2020;139.9277273;39.32308696;37.91734783;38.72226087;36.12126087;38.99734783;39.01047826;43.24217391;43.12869565;43.58826087;44.25826087;32.48161694;46.13585382;73.9631952;-10.85343479;-11.54543478;-11.44291304;-11.158;-10.80417391;-10.02608695;1.474963065
1.08.2020;141.1504762;35.42945;34.63985;30.42765;33.0267;32.2683;34.1234;44.736;44.9195;45.791;46.814;20.36993643;26.71540273;38.91385594;-7.19995;-8.21485;-8.7667;-9.50985;-9.48325;-9.5324;-3.883249569
1.09.2020;132.1247619;38.10759091;36.05168182;36.7525;34.26640909;38.46636364;39.03327273;40.90954545;42.07045455;43.04727273;44.22454545;30.55998697;26.09463742;28.16748905;-10.52036364;-11.62454545;-11.50154545;-9.51354545;-8.85618182;-8.94490909;-0.854621288
1.10.2020;123.7790909;39.97052381;37.82814286;42.29585714;35.77138095;42.48090476;40.96990476;40.11238095;41.64619048;42.47809524;43.41809524;38.80177443;35.52644975;31.26563633;-13.21019047;-14.19933333;-12.93190476;-11.002;-9.95519047;-9.65733333;2.707193488
1.11.2020;131.382;38.01509524;35.59966667;41.81847619;33.65314286;40.1877619;39.87709524;42.69238095;43.49761905;43.94428571;44.59238095;45.09121478;42.20707142;39.18568327;-13.12652381;-12.45266667;-12.34219047;-10.15328571;-9.56571428;-9.39780953;6.905370577
1.12.2020;140.725;35.097;33.7202381;33.7367619;32.15352381;34.72352381;35.22595238;50.05;50.08333333;50.11285714;49.97952381;27.0311551;37.24869801;37.93245328;-7.19914286;-8.89257143;-9.5482381;-9.58119048;-9.1622381;-9.20023809;3.917037565
1.01.2021;141.8747368;32.0673;30.9763;32.7909;30.0977;32.9431;32.27485;54.774;55.1175;54.867;54.107;26.32988268;26.64598697;34.07665438;-7.35225;-8.60315;-8.8536;-9.1626;-9.0231;-9.174;5.574973935
1.02.2021;139.0921053;29.6241;28.57205;31.97215;27.60905;30.81985;30.51645;62.2765;61.769;60.7115;59.2465;20.62803108;23.62803434;25.17444955;-5.77515;-6.7624;-7.7138;-7.62845;-7.35695;-7.79115;2.074313378
1.03.2021;141.2847826;32.97772727;32.14331818;35.90504545;30.80381818;35.20645455;34.50418182;65.32318182;65.89409091;64.86545455;63.29545455;38.77570567;31.48518963;29.80096879;-5.83177273;-5.85359091;-6.04177273;-5.84863637;-6.28481818;-6.8645;-0.36145562
1.04.2021;138.4771429;32.53570588;31.50517647;32.93211765;30.35358824;33.33182353;32.96658824;64.78176471;65.06117647;64.17352941;63.01470588;41.64813113;41.36076612;35.95157109;-5.98623529;-6.09441177;-5.90264706;-6.22229412;-7.48052941;-7.83541176;2.445463996
1.05.2021;143.5915;32.82010526;31.89352632;33.07421053;30.16236842;32.77342105;32.95910526;68.53421053;68.18631579;67.56631579;66.26789474;24.18828674;34.47943147;36.67978552;-5.40836842;-5.78121053;-6.22968421;-6.75621052;-8.01678948;-8.352;2.839056635
1.06.2021;156.3740909;29.78740909;29.08718182;29.03831818;28.15772727;29.44609091;29.54804545;73.16409091;73.14409091;71.87863636;70.17863636;20.65481518;22.87358951;30.22773815;-4.96922727;-5.06631819;-4.47604546;-5.86336364;-6.97922727;-6.91368182;1.172293368
1.07.2021;154.2157143;30.69227273;29.51177273;30.77377273;28.44477273;30.65436364;30.96718182;75.16590909;74.23909091;72.70909091;70.72;26.77183316;24.43503748;24.43897026;-5.98540909;-5.62677272;-5.76068182;-6.47331818;-7.07009091;-6.9145;-2.714240184
1.08.2021;154.5531818;31.9303;30.53415;33.18695;29.2865;33.06815;32.9361;70.612;70.4265;69.351;67.946;35.83899484;32.21857782;28.90308712;-6.30195;-6.8624;-7.334;-7.6622;-7.7994;-7.5972;2.695414443
1.09.2021;148.177619;31.74273333;31.07933333;30.16213333;30.4286;31.001;31.47766667;75.13333333;75.28133333;73.83466667;72.072;26.9499086;31.47215816;31.74828449;-3.25113333;-4.47586667;-5.19386667;-6.54926667;-7.39946667;-7.09726666;2.695414443
