date,RV30,RV60,RV90,FinancialUncertaintyH1,MacroUncertaintyH1,MacroUncertaintyH3,RealUncertaintyH1,GPR,InfectEMVIndex,VIXCLS,MichiganConsumer,FinancialUncertaintyH3,FinancialUncertaintyH12
1.04.1992,28.17934202,25.93729012,26.17099267,0.785752477,0.574315161,0.707234031,0.556747284,85.85562134,0.166666667,16.56,1.2,-0.017822711,-0.00634843
1.05.1992,16.82423422,23.47596889,23.46399509,0.765684308,0.567301321,0.699641044,0.553269222,78.96814728,0,15.08,2,-0.01588139,-0.005663476
1.06.1992,20.36701817,19.01541256,22.4625251,0.764194651,0.563676505,0.696522634,0.552737964,93.84909058,0.245,15.2,1.2,-0.001777438,-0.001566305
1.07.1992,20.23909944,20.24602634,19.44426463,0.751165358,0.568090094,0.698903609,0.564680127,75.19676971,0.278064516,13.6,-3.8,-0.010176811,-0.00329806
1.08.1992,14.29583314,17.66022162,18.51843723,0.741471329,0.568178116,0.697820923,0.572321646,81.64519501,0.147741935,14.42,-0.5,-0.007967627,-0.002944023
1.09.1992,10.02824104,12.34811544,15.47391753,0.726007074,0.573093215,0.700824781,0.576198431,74.60971832,0.338,13.7,-0.5,-0.01250482,-0.004189838
1.10.1992,11.09566215,10.53120428,11.80751159,0.723066681,0.57904478,0.705083677,0.580492515,68.1827774,0.258387097,17.64,-2.3,-0.002794783,-0.00133181
1.11.1992,15.94151318,13.76435902,12.61686901,0.731104987,0.572677311,0.699615588,0.569570057,91.00899506,0.144,14.42,12,0.005551647,0.00095319
1.12.1992,21.04898496,18.67782054,16.56058009,0.719965065,0.582837715,0.699732221,0.587857074,83.4209671,0.238709677,12.19,5.7,-0.009306775,-0.003333136
1.01.1993,19.28563361,20.20314418,18.8778895,0.714702852,0.584602411,0.699549236,0.59172357,128.9180756,0.448709677,12.41,-1.7,-0.004480439,-0.001724866
1.02.1993,22.04639369,20.64647399,20.70944091,0.712063839,0.567969508,0.691519216,0.570502338,90.46806335,0.354285714,13.72,-2.7,-0.002312167,-0.000686378
1.03.1993,19.94690558,20.93342943,20.51303858,0.709774368,0.562711705,0.688202155,0.567404121,94.24144745,0.524193548,13.61,-0.7,-0.002107807,-0.000965618
1.04.1993,15.94317165,18.11453554,19.49225595,0.710274718,0.555712673,0.68168189,0.552280744,112.7216644,0.214666667,12.84,-0.3,0.000563562,0.000445448
1.05.1993,12.8332269,14.66742183,16.70207964,0.698040287,0.547901732,0.674379572,0.53966259,110.7297516,0.316129032,13.61,-5.3,-0.009543705,-0.002883949
1.06.1993,15.77851249,14.47822985,15.18679107,0.683594954,0.535636821,0.665193805,0.52619637,104.1952515,0.223,12.52,1.2,-0.011332891,-0.00344234
1.07.1993,20.4178729,18.40146821,16.76604075,0.676224038,0.526402107,0.657701355,0.518667046,123.3147888,0.219354839,11.5,-4.5,-0.005904005,-0.002048512
1.08.1993,16.64507025,18.6856408,17.93734415,0.678505084,0.527028567,0.658795724,0.520136961,97.24167633,0.366451613,11.93,0.3,0.002035702,0.000551361
1.09.1993,20.03223356,18.4936368,19.16536275,0.676390276,0.536382882,0.665395646,0.53469303,89.16477966,0,12.93,0.6,-0.001641516,-0.000609691
1.10.1993,22.02402896,21.20796873,19.8010738,0.683936807,0.541557537,0.670840292,0.535973465,106.1659088,0.261935484,11.88,4.8,0.005849365,0.001501879
1.11.1993,22.74309356,22.42436088,21.80091787,0.693747521,0.541876319,0.670799872,0.536967693,83.48017883,0.059666667,14.08,-1.5,0.007618474,0.001850008
1.12.1993,34.11174366,29.1650966,27.0680631,0.696496825,0.567859532,0.686203402,0.571537773,79.55179596,0.215806452,11.36,7,0.002196356,0.000487824
1.01.1994,36.46667505,35.80043966,32.06208096,0.699892955,0.577642266,0.696768651,0.578633664,83.48997498,0.402903226,11.29,6.1,0.003048399,0.001236784
1.02.1994,30.41726752,33.9076806,34.02633261,0.706990108,0.570742951,0.697382364,0.569648194,117.2420654,0.256428571,13.64,-1.1,0.005813116,0.002004506
1.03.1994,27.20582622,28.97692324,31.77716273,0.718987129,0.570455763,0.699584191,0.569108751,93.47403717,0.173225806,15.22,-1.7,0.008988964,0.00220655
1.04.1994,41.98605744,35.05046182,33.58490768,0.697325012,0.555285079,0.688595904,0.538807874,95.35697174,0.129666667,16.47,1.1,-0.016794569,-0.00488947
1.05.1994,29.59183783,36.09282745,33.19032033,0.691360483,0.548673532,0.683657088,0.519762237,104.4667892,0.139677419,13.9,0.2,-0.004574353,-0.001232388
1.06.1994,22.50662723,26.44340837,32.06729085,0.692705445,0.543022145,0.678338554,0.510992843,120.3522415,0.271,13.41,-1.6,0.001239409,0.000718967
1.07.1994,26.29245445,24.45710509,26.29000629,0.688696523,0.541434632,0.677057885,0.507671153,99.6402359,0.037741935,12.48,-2.2,-0.003239183,-0.000870344
1.08.1994,31.91324209,29.37662351,27.27901544,0.692599246,0.541938928,0.677490805,0.514771716,98.22702789,0.309677419,11.89,2.7,0.002920543,0.000863129
1.09.1994,26.28315699,29.44988147,28.68980292,0.689188818,0.542819877,0.677595898,0.514227648,98.89848328,0.050666667,13.23,-0.2,-0.00281359,-0.000973576
1.10.1994,22.36895225,24.44101536,27.24643003,0.689016596,0.545004477,0.680179661,0.524283242,94.85363007,0.294516129,15.25,1.2,-0.00071403,-0.00076381
1.11.1994,23.40256133,22.93882537,24.0821274,0.698889339,0.54304407,0.679627291,0.521642841,86.52980804,0.387,16.38,-1.1,0.007235033,0.001655196
1.12.1994,25.50383283,24.54935511,23.89181067,0.682520645,0.549430122,0.684949233,0.527116386,96.04750061,0.194516129,14.18,3.5,-0.013525259,-0.004624995
1.01.1995,22.54197932,24.10948675,23.89390459,0.673780817,0.552485179,0.688274621,0.53454647,80.15467834,0.24483871,12.27,2.5,-0.006984498,-0.002192742
1.02.1995,20.22084295,21.45556129,22.93002349,0.670675979,0.562523548,0.696285647,0.551074242,76.87532806,0.123214286,11.47,-2.5,-0.002422933,-0.000767519
1.03.1995,16.49970222,18.4519641,19.94386687,0.661405112,0.561309758,0.693885795,0.556185054,82.2444458,0.269677419,12.17,-4.8,-0.007336761,-0.002240284
1.04.1995,21.81078055,19.36816432,19.83303858,0.661806404,0.565052521,0.695273262,0.567248688,99.19087982,0.105,12.44,2.2,0.000218698,-0.000103579
1.05.1995,28.18475644,25.28545592,22.75768334,0.667850886,0.563193491,0.694325633,0.56791675,87.8425293,0.260645161,12.27,-2.7,0.004907601,0.001607693
1.06.1995,23.83654231,26.18110937,24.95632214,0.681545436,0.553598096,0.68745684,0.564811594,104.6077576,0.326,11.9,2.9,0.010280379,0.002675526
1.07.1995,23.89534844,24.10648324,25.49895674,0.691106647,0.553047773,0.687037656,0.573494782,107.6454163,0.53483871,12.51,1.7,0.006610916,0.00161814
1.08.1995,17.97990454,21.10705083,22.2646578,0.686591072,0.5562145,0.689512774,0.579460231,106.9347839,0.175806452,12.8,1.8,-0.002454296,-0.000112549
1.09.1995,16.56797574,17.26940523,19.65520027,0.694099262,0.547019762,0.682542354,0.562504341,71.20516968,0.315333333,12.06,-7.3,0.006425979,0.002486803
1.10.1995,19.48838347,18.17020486,18.03579714,0.708957933,0.550633146,0.685605307,0.561139113,67.74150085,0.120322581,14.36,1.3,0.011642363,0.003531262
1.11.1995,14.87998633,17.36349559,17.19572632,0.703153352,0.562294427,0.694789369,0.564630838,76.33349609,0.124333333,12.47,-2,-0.003595013,-3.02E-05
1.12.1995,15.62886075,15.1842356,16.85438576,0.689557833,0.572467979,0.70417151,0.586047366,65.67205811,0.34516129,11.75,2.8,-0.010473894,-0.002705499
1.01.1996,25.66099383,21.31842505,19.5086773,0.686012424,0.594461105,0.722882452,0.622830066,75.63492584,0.470322581,13.47,-1.7,-0.002716162,-0.000479973
1.02.1996,27.04072723,26.69029898,23.61612517,0.692600246,0.606613262,0.731492508,0.643162911,80.42092133,0.394482759,15.03,-0.8,0.005250788,0.001936829
1.03.1996,28.46282944,27.86246292,27.33748976,0.706061634,0.591794068,0.72022292,0.61489485,82.14761353,0.340645161,17.76,5.2,0.011100098,0.004222324
1.04.1996,49.40733603,40.31343317,36.5566738,0.731237009,0.571828518,0.704566199,0.588118109,84.82862091,0.305,16.58,-1,0.019549797,0.006331677
1.05.1996,47.44476953,48.92198497,43.12849495,0.754343388,0.556081061,0.691260402,0.55876707,65.53082275,0.192903226,16.15,-3.3,0.018599954,0.006419186
1.06.1996,32.8668385,41.11549246,44.26921125,0.787140303,0.547347877,0.683841725,0.542490634,69.0885849,0.351,16.4,3,0.026324622,0.008923346
1.07.1996,28.34790455,30.62907115,37.14719814,0.82442863,0.543558868,0.679700306,0.534591797,80.64431763,0.201612903,17.98,2.3,0.029937919,0.010300045
1.08.1996,27.13630131,27.81039514,29.3661519,0.815026456,0.543092149,0.677537412,0.531728781,81.68764496,0.521935484,15.76,0.6,-0.005973493,-0.000234466
1.09.1996,36.0685924,31.95117983,30.86789416,0.800046863,0.541563382,0.67608055,0.528852227,88.19697571,0.170666667,16.58,-0.6,-0.010099974,-0.001123262
1.10.1996,38.31393411,37.60122394,34.63580494,0.797255933,0.542730567,0.67720137,0.532608001,55.58683014,0.221290323,16.38,1.8,-0.00141079,0.000769011
1.11.1996,30.57196329,34.55253396,35.43086351,0.802880042,0.542510227,0.677461803,0.53100499,57.34461212,0.146666667,16,2.7,0.005334074,0.002684168
1.12.1996,30.47034709,30.59224379,33.41863864,0.79937005,0.543242901,0.677767859,0.529425717,74.9826355,0.232580645,19.26,-2.3,-0.002166614,0.000232026
1.01.1997,26.19693101,28.48031155,29.26817579,0.81098316,0.545095139,0.679063696,0.53297682,54.06243515,0.22,19.47,0.5,0.009286412,0.00335726
1.02.1997,29.1725294,28.12154324,28.98875585,0.824638808,0.547835887,0.681625582,0.536179052,50.55994034,0.476428571,20.14,2.3,0.011244745,0.004105113
1.03.1997,30.3067195,29.48384792,28.76458712,0.849901645,0.543496152,0.678150499,0.526090886,58.48006058,0.319032258,20.17,0.3,0.019844874,0.006175702
1.04.1997,27.1396718,28.81571339,28.77720027,0.86642686,0.546949279,0.679771418,0.527365358,62.84448624,0.471333333,19.66,1.4,0.013121095,0.004129232
1.05.1997,26.72540067,26.99877732,28.1392852,0.89869424,0.544655573,0.678132486,0.526268075,53.57601547,0.372580645,19.92,1.8,0.024288272,0.006688345
1.06.1997,32.03419666,29.56666306,28.79313447,0.890073015,0.543568872,0.676093032,0.53109443,39.04562378,0.41,20.19,1.3,-0.005256407,-0.000304242
1.07.1997,29.7091003,30.98307148,29.60176995,0.896811643,0.548237676,0.679581012,0.541448866,47.69842529,0.350645161,20.53,2.6,0.006192731,0.003097805
1.08.1997,24.66871436,27.42989842,29.12817741,0.897443969,0.557917489,0.68702363,0.561381133,48.58229828,0.267741935,23.08,-2.7,0.000828838,0.000812843
1.09.1997,22.00965022,23.5063452,25.82688529,0.909933698,0.550814875,0.681556381,0.556974548,42.68908691,0.292666667,23.81,1.6,0.009070599,0.002470097
1.10.1997,30.63111776,26.79364232,26.19919311,0.903224955,0.54847508,0.679587404,0.557122443,49.74630737,1.869677419,23.87,-0.4,-0.004454278,-0.00040997
1.11.1997,28.38513433,29.9150247,27.47890756,0.88495632,0.549849352,0.681083595,0.554800048,59.69337082,1.782,32.21,1.6,-0.013493332,-0.003312125
1.12.1997,30.68876505,29.89748986,30.1096609,0.88497391,0.551730339,0.683471642,0.552426504,43.99826813,1.321935484,26.28,-5.1,1.04E-06,0.000128078
1.01.1998,28.93288833,29.97302165,29.69553561,0.899828131,0.558644547,0.688910234,0.553687829,53.09630203,2.282258065,23.87,4.5,0.011334325,0.003269463
1.02.1998,42.00159831,35.94720249,34.32973141,0.930934001,0.557814809,0.688664888,0.55332194,77.5976181,1.201785714,20,3.8,0.02375284,0.006820317
1.03.1998,51.19749592,47.42770375,42.22822315,0.937481646,0.559934322,0.69107052,0.560433843,57.24806213,0.432258065,20.16,-3.9,0.005614347,0.0023622
1.04.1998,65.98943315,61.67416311,55.90014803,0.959448533,0.570425736,0.700351579,0.575645489,50.99658203,0.718333333,22.03,2.2,0.016986787,0.005366108
1.05.1998,38.23148885,56.7582172,55.03637603,1.009954217,0.576259213,0.709483056,0.582519451,94.47348785,0.516774194,20.87,-2.2,0.03792674,0.010898104
1.06.1998,50.11751009,44.66980633,54.98397186,1.072180731,0.592277079,0.72512112,0.609523665,76.3090744,1.136,21.66,-0.9,0.046443266,0.013435327
1.07.1998,44.66376522,48.98260201,45.71104807,1.173441805,0.606249046,0.739524219,0.629962078,54.04841614,0.477419355,19.93,-0.4,0.072175407,0.01885109
1.08.1998,37.59994271,40.95095683,45.4531915,1.283408063,0.628440254,0.76066071,0.65405684,97.02085876,1.645806452,31.59,-0.8,0.076616757,0.019897187
1.09.1998,36.35837345,36.93518278,39.675989,1.186703507,0.616702093,0.754108624,0.613774697,62.51344299,1.632,38.2,-3.5,-0.064294459,-0.013572624
1.10.1998,41.29814296,39.052483,38.54518344,1.113095941,0.603647811,0.742631432,0.585136713,54.40364838,1.11516129,36.61,-3.5,-0.051049418,-0.011707425
1.11.1998,44.84760319,43.35844871,41.31122734,1.064346143,0.593436681,0.73264687,0.567385994,67.96592712,1.037666667,26.22,5.3,-0.035487308,-0.009148601
1.12.1998,56.35809554,51.45804973,48.3699631,1.036195554,0.59071924,0.728779714,0.562547104,75.95989227,0.861612903,25.48,-2.2,-0.021324069,-0.005943725
1.01.1999,64.40527458,61.20019682,56.33638701,1.023137318,0.591166841,0.728672274,0.560640451,63.98722458,1.053225806,28.04,3.4,-0.010862313,-0.003814858
1.02.1999,44.50089464,56.17345969,56.05641782,1.028501299,0.594273519,0.731944936,0.55714445,58.31638336,0.296071429,28.82,4.2,0.002273257,-0.000640524
1.03.1999,40.52241528,43.01358525,51.48966192,1.015738477,0.592255263,0.731390322,0.546113495,83.39727783,0.201290323,25.31,-2.4,-0.009291073,-0.002184093
1.04.1999,41.55113661,41.15145685,42.3325024,1.025051592,0.592529922,0.734175389,0.540720822,106.1980133,0.321333333,23.48,-1.1,0.005969214,0.001322597
1.05.1999,38.15147661,40.22485552,40.19363852,1.001622978,0.587732518,0.731114491,0.533625283,85.44113159,0.347741935,26.2,2.2,-0.017255186,-0.003824643
1.06.1999,38.69883883,38.44904578,39.77233267,0.994845198,0.582939313,0.725704291,0.535750207,79.41054535,0.448666667,23.63,0.5,-0.002933027,0.000346537
1.07.1999,33.42223952,36.27266883,36.92334231,0.991247885,0.578304567,0.721335481,0.539258375,62.14287186,0.45483871,21.05,-1.3,-0.001513696,0.000610663
1.08.1999,31.99515447,32.8324386,34.94935866,1.002884811,0.578010742,0.720842996,0.543813551,62.85864258,0.313870968,24.32,-1.5,0.008856336,0.00279128
1.09.1999,29.81408807,30.91826221,31.91391451,1.019884065,0.58319555,0.725030775,0.552337854,69.58151245,0.717,24.54,2.7,0.013754202,0.004801317
1.10.1999,38.52349463,34.66617285,33.7943921,1.04706325,0.595332647,0.735805792,0.565080424,72.35348511,0.572258065,24.02,-4,0.020519135,0.006284534
1.11.1999,39.79198407,39.75143402,36.70714855,1.08621558,0.600506615,0.739162919,0.561579934,57.96386719,0.405666667,21.82,4,0.028010062,0.007298003
1.12.1999,37.49665222,38.8607528,39.06917267,1.134824346,0.614967816,0.750442837,0.570474774,86.08493805,0.629032258,22.16,-1.8,0.034358869,0.008905974
1.01.2000,36.0579261,36.59925142,38.16717099,1.18133909,0.635184153,0.765718525,0.591235064,64.45780945,0.394193548,23.2,6.6,0.032401614,0.007735143
1.02.2000,23.34124708,30.54442701,32.84961098,1.239303462,0.64027764,0.774730513,0.586982508,63.54172134,0.453793103,23.6,-0.7,0.037587126,0.008006717
1.03.2000,40.5840703,33.79763089,34.64030347,1.241156886,0.650101966,0.784485464,0.591862593,50.10198593,0.261935484,22.72,-4.2,0.002558727,0.001271613
1.04.2000,50.65246208,46.45384558,40.23962185,1.207829256,0.668207931,0.801848081,0.599796854,48.68273926,0.757333333,27.16,2.1,-0.022311023,-0.004843207
1.05.2000,39.10960204,45.52473954,43.71974361,1.181088574,0.68055053,0.811348815,0.614329615,79.48287964,0.660645161,26.37,1.5,-0.01894428,-0.004246461
1.06.2000,34.69932884,37.09485716,42.20367874,1.166067935,0.683380986,0.813908038,0.615495776,64.71781921,0.931,21.54,-4.3,-0.009969522,-0.001913549
1.07.2000,42.08237563,38.77670253,38.80303851,1.13072702,0.670309992,0.804948027,0.608202339,51.90402222,0.381290323,19.89,1.9,-0.022321973,-0.003971249
1.08.2000,44.32944448,43.36054042,41.01318849,1.122190464,0.665530115,0.801752154,0.60757903,46.49225616,0.327096774,18.09,-1,-0.004985487,-0.000459793
1.09.2000,55.69523842,50.6235302,48.03860881,1.113318996,0.669745081,0.80674601,0.612121543,52.68999863,0.382,19.69,-0.5,-0.005594667,-0.000852751
1.10.2000,54.30999298,55.69575244,52.22902024,1.116629715,0.667182543,0.805300434,0.608457684,76.45652771,0.749354839,25.2,-1,0.003132014,0.001083503
1.11.2000,38.35766066,46.6532068,50.78110512,1.139349997,0.667742374,0.806567257,0.60994001,45.06056213,0.590666667,26.38,1.8,0.01662752,0.004431681
1.12.2000,46.01890505,43.16634025,47.09253648,1.153000316,0.682813312,0.820363245,0.626047001,45.39509964,0.828064516,26.53,-9.2,0.00899251,0.001171068
1.01.2001,49.50956455,47.8809549,45.35635721,1.139914572,0.690295158,0.828024814,0.628180614,46.89955521,0.83516129,24.92,-3.7,-0.009109998,-0.001908069
1.02.2001,45.80390934,47.72207356,47.22642157,1.115954906,0.686134536,0.823643257,0.624460508,55.08771133,0.529285714,23.41,-4.1,-0.016831882,-0.003747566
1.03.2001,34.92697574,40.66637436,43.8365534,1.090997713,0.682769369,0.821123481,0.616881291,61.70895386,1.057096774,28.5,0.9,-0.018621891,-0.005588743
1.04.2001,35.86735411,35.30809193,39.08520295,1.076062371,0.685405655,0.820632752,0.622785598,50.56873703,0.876333333,28.13,-3.1,-0.011188459,-0.003806054
1.05.2001,28.83805868,32.79504358,33.35986254,1.057961799,0.682331199,0.815911192,0.616272521,60.37686157,0.402580645,22.94,3.6,-0.014025596,-0.004989986
1.06.2001,24.14486422,26.61155633,30.18813106,1.05965523,0.687431295,0.81879204,0.617547976,72.06433868,0.666,20.94,0.6,0.000422206,-0.000963233
1.07.2001,36.72527478,31.30744078,30.46270704,1.083040316,0.698428892,0.827221829,0.617976353,61.07294083,0.729677419,22.32,-0.2,0.01609958,0.003093626
1.08.2001,31.46320469,34.38949548,31.76076602,1.122495969,0.721894928,0.846411858,0.626221976,64.10773468,0.345806452,21.86,-0.9,0.027905189,0.00644324
1.09.2001,44.53122059,39.63383118,39.3010358,1.187986604,0.76461899,0.881037282,0.632029342,498.6478882,0.629666667,35.07,-9.7,0.043936146,0.009079645
1.10.2001,69.06729479,63.26132607,54.71110941,1.136088429,0.769659018,0.882676363,0.635646746,512.5297241,0.899032258,32.72,0.9,-0.036383472,-0.009101765
1.11.2001,63.50106421,68.14514105,64.20862503,1.094353107,0.739799899,0.855500989,0.614044236,306.7858887,0.552333333,26.63,1.2,-0.030408459,-0.008319073
1.12.2001,67.14537774,67.86438251,68.79711122,1.051808564,0.706016189,0.826108441,0.596176688,236.0997467,1.012903226,23.72,4.9,-0.031004713,-0.008666761
1.01.2002,40.99626527,56.50348661,60.16547783,1.030798096,0.684189095,0.805034209,0.589416222,172.4772034,1.195483871,22.25,4.2,-0.015701168,-0.004513723
1.02.2002,42.44663919,41.73674328,52.70179141,1.030397879,0.654063578,0.779386409,0.5751453,146.1857147,0.35,22.88,-2.3,-0.000595513,-0.000601
1.03.2002,44.65586221,43.59834787,42.79950395,1.047291895,0.636016264,0.764993257,0.566472105,151.9763641,0.192580645,18.99,5,0.011770167,0.002554839
1.04.2002,41.25977372,42.90902467,42.82973405,1.055659633,0.616957283,0.747222198,0.558265826,157.4965515,0.506333333,19.9,-2.7,0.006958964,0.00261201
1.05.2002,36.99412408,39.39998919,40.9895741,1.082689592,0.598418488,0.731948014,0.547911017,163.3223114,0.310322581,20.09,3.9,0.019360888,0.004606276
1.06.2002,37.45218711,36.87630767,38.54828818,1.137754342,0.594432527,0.728028425,0.547089872,149.3304291,0.346,25.27,-4.5,0.03934629,0.009978653
1.07.2002,27.0061286,32.5519429,34.31366712,1.196300951,0.596116221,0.72999021,0.552069418,122.7783432,0.832258065,34.05,-4.3,0.040446979,0.00898405
1.08.2002,22.86047287,24.81436914,29.30631783,1.156244262,0.59569718,0.729192228,0.558645292,127.0645142,0.933225806,33.74,-0.5,-0.026500646,-0.005582641
1.09.2002,26.43933356,24.77811546,25.383323,1.159687885,0.59452701,0.728978233,0.558523542,174.9033356,0.682333333,37.65,-1.5,0.002994291,0.000944771
1.10.2002,23.5804253,25.23860705,24.39937082,1.106107376,0.59464502,0.730045102,0.557767751,172.0319214,1.032580645,35.24,-5.5,-0.038216742,-0.009945192
1.11.2002,32.7614507,28.4884844,28.07024922,1.072117334,0.603837348,0.738960749,0.567178881,159.127594,0.425666667,28.18,3.6,-0.026096026,-0.008293168
1.12.2002,28.24687973,30.70588062,28.41518126,1.03156215,0.618356734,0.752205514,0.582837073,175.8117218,0.662580645,28.21,2.5,-0.030442978,-0.009264637
1.01.2003,39.75835569,34.86530298,34.12652325,0.985612997,0.6354595,0.768040837,0.593974814,206.4346008,1.028709677,27.42,-4.3,-0.034786401,-0.010727092
1.02.2003,22.66297579,32.84742046,31.45415405,0.959180252,0.644002415,0.777187984,0.59262302,239.6109314,0.583571429,32.22,-2.5,-0.020832917,-0.00712762
1.03.2003,36.69401294,31.90462014,35.12797354,0.949719183,0.643874073,0.780308001,0.578428628,358.7111816,0.653225806,30.63,-2.3,-0.008411539,-0.003887276
1.04.2003,52.51554355,47.579118,41.16654668,0.969684742,0.657038971,0.794219136,0.578336806,255.775177,1.878333333,23.99,8.4,0.012531842,0.001153717
1.05.2003,30.2681175,42.32084929,42.81082844,0.951212437,0.639297708,0.778647008,0.562355222,162.1218719,2.069677419,20.24,6.1,-0.014754356,-0.005520525
1.06.2003,29.41155264,29.83660508,38.37539354,0.901543393,0.627911222,0.76658992,0.552176292,145.7697296,1.352333333,20.36,-2.4,-0.037696793,-0.011600983
1.07.2003,35.03958618,32.51899622,31.77020948,0.879792043,0.627544338,0.763663872,0.55313017,134.8989105,0.534193548,19.16,1.2,-0.017781912,-0.006605338
1.08.2003,29.1436346,32.40851942,31.56256938,0.857590606,0.626101358,0.758327377,0.551889119,138.2309265,0.319354839,19.27,-1.6,-0.017600985,-0.006108027
1.09.2003,31.03420067,30.09325801,31.91992137,0.847357338,0.627888864,0.756214962,0.549359947,118.1962814,0.653,19.53,-1.6,-0.008763411,-0.003607451
1.10.2003,30.57927324,30.92079812,30.23192214,0.850017262,0.619050347,0.747992566,0.546522208,108.3173828,0.613870968,18.02,1.9,0.000891327,-0.00069612
1.11.2003,29.99259682,30.43050516,30.78658989,0.805563899,0.605484647,0.733667371,0.547288798,118.0866928,0.301666667,17.4,4.1,-0.033804114,-0.009869538
1.12.2003,38.93470669,34.82515457,33.52962485,0.782431503,0.590773443,0.721139038,0.538257351,129.4650726,1.42516129,16.83,-1.1,-0.018092583,-0.005562235
1.01.2004,48.9429239,44.30321029,40.16903047,0.763181977,0.588548626,0.7189747,0.537763208,113.4675903,0.930645161,16.1,11.2,-0.015839145,-0.005967221
1.02.2004,30.4067288,40.95474511,40.30301543,0.747650012,0.588508666,0.718860066,0.542819773,115.0759735,0.76,16,-9.4,-0.01250102,-0.00438039
1.03.2004,29.18336452,30.08310582,37.31248659,0.745424495,0.594428287,0.72361332,0.561258096,138.532074,0.453225806,17.69,1.4,-0.002565858,-0.00173541
1.04.2004,35.43052917,32.76492168,31.61334674,0.756313123,0.595327809,0.727703495,0.561695815,149.6313934,0.351666667,15.7,-1.6,0.007802243,0.001313934
1.05.2004,31.16832875,33.49438274,32.36440903,0.751302561,0.602929464,0.736307586,0.569893164,121.0911865,0.407419355,17.71,-4,-0.004265373,-0.001786298
1.06.2004,37.55776348,34.76699949,34.9566245,0.762831836,0.60955381,0.742547313,0.584275069,137.2339172,0.699333333,15.34,5.4,0.008619702,0.001944421
1.07.2004,36.59813042,37.11713301,35.5245782,0.784474463,0.599845438,0.735206584,0.573594594,131.0198517,0.65516129,15.5,1.1,0.015998901,0.004032356
1.08.2004,23.45040448,30.58911257,33.02400434,0.764781247,0.590901463,0.727990326,0.564223843,140.3658295,0.295483871,16.68,-0.8,-0.015179645,-0.00453877
1.09.2004,36.32811238,30.69303992,32.58838651,0.764635083,0.596376487,0.732841521,0.567276267,153.8716125,0.440333333,14.09,-1.7,-0.000864024,-0.000883319
1.10.2004,32.73403744,34.87860624,31.53585909,0.771520666,0.609896052,0.744951515,0.578942183,119.862793,0.67516129,14.97,-2.5,0.003482807,0.000394783
1.11.2004,34.36455354,33.61538714,34.71047119,0.803199312,0.621459405,0.753955269,0.592444722,122.7073898,0.437,13.58,1.1,0.0182084,0.003685613
1.12.2004,54.30320273,45.89069379,42.00344807,0.778163876,0.644902472,0.766923058,0.617814954,109.8952255,1.044516129,12.46,4.3,-0.013897012,-0.00290348
1.01.2005,44.95482304,50.98315254,46.29715146,0.773503823,0.650384466,0.771469117,0.621069669,100.8875885,0.776451613,13.44,-1.6,-0.002550051,-0.000825076
1.02.2005,30.24452666,38.855201,45.25971624,0.7668572,0.635773315,0.765534517,0.602042618,108.9779663,0.523571429,11.71,-1.4,-0.004954126,-0.001650314
1.03.2005,28.69393986,29.7316126,36.10998468,0.766393887,0.627745961,0.760498077,0.600309658,90.41048431,1.083225806,13.13,-1.5,0.000697702,0.000127656
1.04.2005,39.41056778,34.68992445,33.28616294,0.775328525,0.622948812,0.758265804,0.592149531,87.03240204,0.407333333,14.46,-4.9,0.006691199,0.001350628
1.05.2005,29.74326916,34.78904922,33.21783205,0.766437942,0.628148926,0.764773886,0.587463717,98.20596313,0.319677419,13.97,-0.8,-0.006616159,-0.001857593
1.06.2005,26.76929488,28.22849318,32.19380196,0.747376457,0.639261732,0.77595748,0.593040015,81.12405396,0.411,11.87,9.1,-0.014626475,-0.004205418
1.07.2005,34.7410156,31.09525621,30.55823559,0.742376877,0.660546794,0.795359827,0.609209712,165.9019165,0.342258065,11.05,0.5,-0.004293282,-0.001536477
1.08.2005,29.96960749,32.52170797,30.84772223,0.728770174,0.68508782,0.817792112,0.628608466,116.2276611,0.394193548,12.95,-7.4,-0.011156309,-0.003554198
1.09.2005,32.628914,31.24369755,32.58841727,0.720671531,0.72891435,0.854994505,0.670231438,103.807663,0.517666667,12.63,-12.2,-0.006770483,-0.002236513
1.10.2005,32.97234633,32.91573174,31.88288437,0.72826411,0.732280327,0.862200993,0.660430481,87.06182861,0.455806452,14.94,-2.7,0.004665065,0.000851304
1.11.2005,30.73189317,31.87669188,32.21051364,0.735126091,0.716817267,0.850021761,0.63931449,83.48009491,0.468,12.15,7.4,0.001275489,-0.000948345
1.12.2005,24.11393049,27.6491411,29.53552151,0.722298113,0.690033707,0.8266007,0.616787951,95.35025024,0.4,11.26,9.9,-0.008209561,-0.002966954
1.01.2006,29.23555078,26.85827654,28.20865947,0.731453846,0.684376786,0.819186065,0.613962238,94.5100174,0.697096774,12.04,-0.3,0.006478202,0.000846927
1.02.2006,30.94294034,30.12881916,28.25147725,0.714251619,0.674163989,0.809879724,0.600456767,95.85819244,0.404642857,12.47,-4.5,-0.01367394,-0.004172658
1.03.2006,29.70072125,30.25843463,29.89538153,0.703335636,0.655557103,0.792864867,0.587450341,92.79762268,0.440645161,11.69,2.2,-0.006824372,-0.001463105
1.04.2006,27.19543393,28.41953317,29.36002415,0.697574058,0.653929124,0.789716916,0.591593896,89.01580048,0.555666667,11.85,-1.5,-0.003708987,-0.000371455
1.05.2006,30.23179095,29.07620088,29.31078374,0.70607439,0.65085316,0.786440358,0.595435632,85.20877838,0.570645161,14.45,-8.3,0.006815579,0.002441808
1.06.2006,32.52953112,31.89633611,30.3741167,0.686243804,0.647940938,0.782776168,0.587561007,102.5727692,0.536333333,16.92,5.8,-0.014791626,-0.003880185
1.07.2006,26.52292108,29.68150853,30.35498821,0.681859695,0.646253419,0.780720827,0.589322374,137.1348267,0.276774194,15.33,-0.2,-0.003113476,-0.000416342
1.08.2006,28.39131435,27.62448758,29.2857337,0.663726139,0.651796621,0.784627406,0.590775775,147.0811157,0.258387097,13.35,-2.7,-0.013825067,-0.003508261
1.09.2006,36.4560236,32.69539051,30.75442556,0.650975217,0.668654092,0.798549882,0.604575774,111.7242584,0.536,12.18,3.4,-0.010083838,-0.002863395
1.10.2006,39.87538606,38.27579823,35.35318653,0.650701374,0.655386538,0.787509359,0.600339861,113.1352997,0.270645161,11.31,8.2,-0.000448018,-0.000194265
1.11.2006,31.94193733,36.08318658,36.35735783,0.64143933,0.642610865,0.777464041,0.590108508,88.77892303,0.338666667,10.82,-1.5,-0.008091778,-0.002613888
1.12.2006,28.07081478,30.17572597,33.85989574,0.634939744,0.643543742,0.776819184,0.60065409,90.60655975,0.352580645,10.96,-0.4,-0.005075285,-0.001062632
1.01.2007,29.30203494,29.37074467,30.3096112,0.637268402,0.644074071,0.7754047,0.604930278,97.92004395,0.54,11.04,5.2,0.00247305,0.001433585
1.02.2007,31.3734149,30.23326469,30.15727622,0.644380996,0.638713863,0.76983919,0.592867586,96.1693573,0.271428571,11.16,-5.6,0.006301329,0.002621082
1.03.2007,30.44399314,31.14313736,30.38659159,0.656255418,0.632212014,0.761398971,0.582518983,87.33650208,0.41516129,15.16,-2.9,0.010258224,0.004006132
1.04.2007,24.68729398,27.88815928,29.16145798,0.680627057,0.619658705,0.751106287,0.566756019,76.61338043,0.317333333,12.93,-1.3,0.020302465,0.007386346
1.05.2007,24.01440412,24.40870148,26.73563454,0.710256471,0.603410556,0.739698244,0.546691113,92.59958649,0.478387097,13.3,1.2,0.023563582,0.007750252
1.06.2007,26.08854721,25.17541484,24.9925142,0.740138742,0.604857493,0.743337706,0.542532697,97.97231293,0.484666667,14.95,-3,0.024823121,0.008483784
1.07.2007,19.22648913,22.98879432,23.40577927,0.778624501,0.617526407,0.756985783,0.546399886,112.3462524,0.412258065,17.27,5.1,0.030631435,0.009886582
1.08.2007,27.92018714,24.19778397,24.78021785,0.783891473,0.641633191,0.779273353,0.554525035,83.17320251,0.651612903,25.03,-7,0.005621776,0.003823044
1.09.2007,24.46740079,26.79335175,24.47585263,0.806230999,0.653606162,0.79117157,0.555346716,94.48886871,0.565666667,22.2,0,0.018704444,0.007740864
1.10.2007,29.223207,27.45843808,27.71798071,0.84256578,0.664001129,0.802316739,0.562294358,101.4730148,0.50516129,19.12,-2.5,0.029053425,0.010046145
1.11.2007,29.66984154,29.63863258,28.17171672,0.897084344,0.686953942,0.825268444,0.57357774,89.7954483,0.465666667,25.58,-4.8,0.042149368,0.013303307
1.12.2007,28.80026592,29.5272784,29.42804539,0.910188434,0.694047754,0.833878494,0.578532418,94.96749115,0.486774194,21.65,-0.6,0.012626947,0.006487641
1.01.2008,33.0183205,30.83915962,30.70233104,0.949167282,0.695965001,0.837676394,0.58086224,81.49982452,0.66483871,25.82,2.9,0.031435702,0.011331244
1.02.2008,25.70718904,29.673382,29.2484825,0.957613571,0.708982952,0.84946648,0.597457799,80.75146484,0.45862069,25.46,-7.6,0.008118406,0.00442985
1.03.2008,27.3765253,26.93418901,29.09999027,0.975911529,0.720824074,0.858848615,0.616892304,77.63613892,0.631612903,27.1,-1.3,0.015359843,0.0063518
1.04.2008,30.80477363,29.29604757,28.38908466,1.021186048,0.748442811,0.880897688,0.647886868,71.90480804,0.405,21.56,-6.9,0.034845497,0.01137548
1.05.2008,31.93598467,31.37115321,30.24347797,1.078355005,0.785303301,0.909490637,0.670755081,72.57379913,0.531935484,18.3,-2.8,0.043816758,0.013597646
1.06.2008,34.79253445,33.46486668,32.64832342,1.171576624,0.818582772,0.94366227,0.692611803,87.54842377,0.357666667,22.11,-3.4,0.068592624,0.019285972
1.07.2008,37.98433473,36.69336002,35.14992,1.215693205,0.862009659,0.986774536,0.723370517,89.73957062,0.552580645,24.32,4.8,0.033194022,0.010211031
1.08.2008,36.93447167,37.53418306,36.90612354,1.292459867,0.931397424,1.054121144,0.768780944,88.55410767,0.291935484,20.7,1.8,0.055530293,0.015166783
1.09.2008,50.13439251,44.11285472,42.17271024,1.42685987,1.015760263,1.128420322,0.836004932,88.54255676,0.749,30.3,7.3,0.092850902,0.022897887
1.10.2008,62.83233346,56.88584764,51.46708674,1.557730636,1.097798373,1.2008038,0.851461161,64.15979767,1.638064516,61.18,-12.7,0.085965995,0.018764594
1.11.2008,70.03528068,66.88999395,61.84881732,1.500326625,1.096769961,1.205251079,0.872863125,79.08097076,0.862,62.67,-2.3,-0.037959874,-0.008914922
1.12.2008,86.16682008,78.96984977,73.91918856,1.455615677,1.073121523,1.183969121,0.88599913,92.36643219,0.596451613,52.36,4.8,-0.030776822,-0.007813189
1.01.2009,98.77374632,93.5127185,86.53697554,1.469785453,1.061625512,1.165695889,0.89447351,85.36947632,1.673548387,44.68,1.1,0.006527387,-0.00042996
1.02.2009,79.01297149,89.18959618,88.28056046,1.446751354,1.009296321,1.12025657,0.849300075,67.45267487,0.873571429,45.57,-4.9,-0.015831031,-0.004350512
1.03.2009,67.76883738,74.80163587,83.22178067,1.396753477,0.955334494,1.075565716,0.806349266,72.6446228,0.916774194,44.8,1,-0.033846825,-0.008393435
1.04.2009,56.98007474,62.55716237,68.93159323,1.353798223,0.914563772,1.034817801,0.763138454,85.68849945,0.901333333,38.06,7.8,-0.031040458,-0.008628602
1.05.2009,36.55749783,48.12496083,55.6075011,1.245586878,0.882695551,1.002631268,0.737635103,89.68086243,0.587419355,31.98,3.6,-0.075513174,-0.018512404
1.06.2009,34.6290664,36.04606193,44.20912109,1.177844941,0.866315034,0.985903997,0.723778709,81.10958862,0.839,29.14,2.1,-0.049062801,-0.013613664
1.07.2009,40.20062058,37.67375948,37.29377749,1.151192928,0.848528031,0.966801176,0.731729647,83.43962097,0.332258065,26.16,-4.8,-0.020350874,-0.007068054
1.08.2009,40.16775964,40.31624547,38.6197567,1.09561607,0.802701455,0.927461708,0.698918464,73.37187958,1.019677419,25.34,-0.3,-0.039918727,-0.010958065
1.09.2009,41.82520623,41.04526124,40.84140836,1.072029204,0.771795603,0.897758062,0.68116293,92.83998871,0.767333333,24.93,7.8,-0.018489722,-0.006215136
1.10.2009,34.64135901,38.40225146,39.06169961,1.061084664,0.747635212,0.875134695,0.667204845,90.57640076,0.472258065,24.25,-2.9,-0.009088666,-0.003732594
1.11.2009,30.25029826,32.70046663,36.04017238,1.032879616,0.734868744,0.860004673,0.66550095,82.10176086,0.358333333,23.79,-3.2,-0.01989083,-0.005033311
1.12.2009,31.96253876,31.21568359,32.489053,1.024179894,0.726694807,0.851775779,0.661453507,92.94691467,0.937741935,21.24,5.1,-0.007012689,-0.002623104
1.01.2010,23.87354659,28.40016366,29.02117409,1.020622967,0.72808099,0.851689723,0.6686075,91.58102417,0.471935484,20.64,1.9,-0.002542218,-0.000743834
1.02.2010,32.5062245,29.22795323,30.3713244,1.02616565,0.721247671,0.847423603,0.660720336,80.72535706,0.095714286,22.54,-0.8,0.003474234,0.000566661
1.03.2010,29.21205889,30.98151923,29.18896161,1.044368844,0.711802055,0.836006997,0.670379442,74.11694336,0.32516129,17.77,0,0.012906164,0.003124699
1.04.2010,27.53060402,28.08669044,29.95446424,1.062079386,0.68850078,0.812871001,0.662999993,88.76158142,0.242333333,17.42,-1.4,0.012667179,0.003063965
1.05.2010,37.4987935,32.91863523,31.72485635,1.106510803,0.680627939,0.802535846,0.667184804,88.95870972,0.215806452,31.93,1.4,0.030705018,0.007342357
1.06.2010,36.81865347,37.64958727,34.57313853,1.110742852,0.647202614,0.77692903,0.632431321,96.4536972,0.271666667,29.92,2.4,0.003090639,0.000664633
1.07.2010,29.53023796,33.20596617,35.12125556,1.106411109,0.628447405,0.761322864,0.611256497,79.38137817,0.284516129,25.57,-8.2,-0.003212954,-0.001127167
1.08.2010,33.15238723,31.45923673,33.22612912,1.104094187,0.614097278,0.748092772,0.599405864,80.99386597,0.199354839,24.75,1.1,-0.002185044,-0.001424042
1.09.2010,27.04369419,30.47100184,30.17045731,1.082668401,0.607224836,0.740964018,0.59310739,71.16854858,0.19,22.52,-0.7,-0.015217506,-0.004062243
1.10.2010,22.00606507,24.6984582,27.94011313,1.002040244,0.604608623,0.738757728,0.585094783,65.99193573,0.359354839,20.37,-0.5,-0.057901344,-0.015230279
1.11.2010,18.81614063,20.48289314,22.9329778,0.955919929,0.601146448,0.734370968,0.587205953,94.70516968,0.362,20.1,3.9,-0.034508749,-0.010045942
1.12.2010,18.2278627,18.58836344,19.75070397,0.937538423,0.622777022,0.745442114,0.611254442,97.20389557,0.121935484,17.57,2.9,-0.014756796,-0.005085331
1.01.2011,18.4001121,18.45189881,18.57193386,0.8917384,0.621786871,0.744781701,0.622456733,79.4216156,0.52,17.32,-0.3,-0.034435388,-0.009855225
1.02.2011,20.30147722,19.27753483,19.1991735,0.870310967,0.62823489,0.750980817,0.62480202,90.01448822,0.155,17.43,3.3,-0.016657127,-0.005205588
1.03.2011,30.86346153,26.78293197,24.20137776,0.85280855,0.626503677,0.750317609,0.628327953,136.8883057,0.206451613,20.72,-10,-0.013332173,-0.003943058
1.04.2011,22.57929447,27.83756218,25.5570293,0.856503128,0.619576469,0.746014362,0.617750013,91.01776886,0.262333333,16.24,2.3,0.002645716,0.000451396
1.05.2011,38.44079616,31.71107005,31.78678768,0.879052252,0.615330358,0.74401705,0.599737548,105.3449173,0.113548387,16.91,4.5,0.016513386,0.00400471
1.06.2011,30.16851154,34.99360065,31.49504606,0.915525416,0.613545259,0.743488531,0.583624599,84.3918457,0.272666667,19.15,-2.8,0.027353742,0.007519759
1.07.2011,31.460461,30.69882034,33.90729347,0.976854852,0.621295255,0.75007333,0.580986859,78.92475891,0.131935484,19.23,-7.8,0.044841242,0.011886404
1.08.2011,25.39245057,28.70032463,29.35380089,1.055299459,0.628334335,0.757631676,0.575819777,86.9515686,0.50516129,35.03,-7.9,0.056056839,0.014308011
1.09.2011,28.5287467,27.23203458,28.7310226,1.106386311,0.617942951,0.749673762,0.573734134,83.35044861,0.266666667,36.53,3.7,0.036605477,0.009564455
1.10.2011,28.46137213,28.55292492,27.71362697,1.102015658,0.607578896,0.739748576,0.577892577,76.3399353,0.331612903,32.83,1.3,-0.002963987,-0.000616805
1.11.2011,26.29604898,27.41457989,27.82460888,1.003673518,0.59675038,0.728629097,0.578223167,83.1576767,0.226,31.94,2.9,-0.069979734,-0.017968482
1.12.2011,23.28708766,24.86730539,26.1660542,0.937625531,0.593787061,0.723750662,0.585670019,85.34132385,0.458709677,25.05,6.2,-0.048021975,-0.012825717
1.01.2012,23.20971089,23.39466639,24.42449918,0.90592077,0.587921089,0.71815856,0.582483724,79.63497162,0.291612903,20.23,5.1,-0.024242801,-0.007419808
1.02.2012,18.19247837,20.89797591,21.90897082,0.863405803,0.575550913,0.707617151,0.568784385,92.44582367,0.63862069,18.42,0.3,-0.03265746,-0.009962516
1.03.2012,20.48728957,19.54697429,20.79848125,0.840267498,0.574145717,0.706059814,0.569487842,88.75997925,0.227096774,16.17,0.9,-0.018519384,-0.006378899
1.04.2012,17.69095662,19.20741903,18.88211081,0.836175812,0.568213807,0.701643215,0.560354728,96.01668549,0.367,17.82,0.2,-0.004054867,-0.002432007
1.05.2012,21.41675262,19.80457717,20.03108239,0.85182639,0.568828793,0.703536623,0.553296627,78.17115784,0.260645161,21,2.9,0.010520359,0.001552251
1.06.2012,30.81675328,26.56440326,24.0580694,0.816126234,0.567159964,0.700740732,0.552263224,77.82243347,0.347333333,21.13,-6.1,-0.027809163,-0.008862218
1.07.2012,33.09435001,32.01697922,28.93321581,0.783754856,0.573641781,0.705377115,0.559277999,82.80802155,0.316451613,17.56,-0.9,-0.025625951,-0.008435943
1.08.2012,20.6187534,27.34163029,28.64077338,0.761239827,0.58049028,0.712248123,0.560330196,74.87835693,0.48483871,15.69,2,-0.018389799,-0.00621142
1.09.2012,19.63422004,20.29256731,25.37897211,0.742583047,0.579350125,0.709482694,0.56229326,69.28050995,0.163666667,15.28,4,-0.015257923,-0.005158756
1.10.2012,24.09949701,22.46401737,21.94217597,0.735887671,0.579330162,0.707367394,0.569996719,81.66366577,0.35516129,16.28,4.3,-0.006198355,-0.002455134
1.11.2012,21.64802737,23.01565991,22.27363708,0.733156135,0.59048663,0.71374959,0.586381809,81.38964081,0.147666667,16.7,0.1,-0.003797306,-0.001987115
1.12.2012,19.1389816,20.54358557,21.88393749,0.742752416,0.597828949,0.715926504,0.599427496,74.83155823,0.289677419,17.34,-9.8,0.005861301,0.001026712
1.01.2013,15.2985415,17.50874533,19.00900476,0.75310792,0.595522684,0.715506302,0.583071252,90.65749359,0.366451613,13.51,0.9,0.010002352,0.002924304
1.02.2013,11.66379848,13.70897098,16.02601013,0.740647126,0.586351518,0.71383037,0.577296581,81.59033203,0.366071429,14.07,3.8,-0.009428266,-0.003002918
1.03.2013,14.05463113,13.03663268,13.94649348,0.746197447,0.574818383,0.708803064,0.564555124,75.89672089,0.54483871,13.03,1,0.003796417,0.00068877
1.04.2013,18.76398676,16.56319666,15.22668956,0.743665852,0.553440977,0.6889747,0.553918424,95.10787201,0.315,13.97,-2.2,-0.001438907,-0.000575676
1.05.2013,25.86673562,22.80106487,20.31056263,0.756735557,0.542903085,0.679388449,0.550963435,83.71731567,0.266774194,13.49,8.1,0.009965397,0.002699033
1.06.2013,21.26174512,23.76467164,22.3839829,0.766322068,0.538405481,0.674118294,0.55660334,82.9730072,0.210666667,17.27,-0.4,0.007873595,0.002555599
1.07.2013,17.77690744,19.83629608,22.07209696,0.790711309,0.540628473,0.674706573,0.571714048,73.97581482,0.145483871,13.97,1,0.018583702,0.005149177
1.08.2013,12.31765713,15.30678415,17.5414271,0.789683779,0.537196758,0.671549078,0.576668615,90.95674896,0.315483871,14.21,-3,-0.000225999,0.000230433
1.09.2013,18.04222611,15.41338062,16.33910661,0.78380383,0.526090399,0.661520402,0.569729463,100.4593277,0.231666667,14.69,-4.6,-0.00420722,-0.001062449
1.10.2013,17.73510674,17.96910322,16.36026404,0.764916022,0.529799013,0.66251072,0.580118685,72.95311737,0.497096774,15.41,-4.3,-0.014568308,-0.003872948
1.11.2013,17.3759413,17.51800913,17.80771956,0.759591033,0.53241519,0.665672806,0.585606989,77.77902222,0.232,12.92,1.9,-0.005651387,-0.002021711
1.12.2013,14.96663899,16.19905938,16.74354499,0.760965059,0.539675305,0.671151086,0.601163034,70.37248993,0.489032258,14.19,7.4,2.02E-05,-5.81E-05
1.01.2014,14.55472553,14.82117889,15.68131179,0.770393514,0.550384331,0.678392964,0.625261777,77.91596985,0.429354839,14.24,-1.3,0.008497899,0.002791997
1.02.2014,12.85505636,13.83051137,14.21195877,0.769473125,0.550584976,0.678076898,0.625276901,69.00352478,0.409285714,15.47,0.4,-0.001084733,-0.000719261
1.03.2014,14.41371368,13.63754453,14.04699375,0.755833864,0.540619397,0.669107751,0.609841412,119.8385544,0.505806452,14.84,-1.6,-0.009927135,-0.002900088
1.04.2014,15.21500867,14.83907202,14.1919432,0.753169107,0.531542775,0.661708123,0.594761637,93.22154236,0.254666667,14.2,4.1,-0.00146653,-0.000923849
1.05.2014,10.79034823,13.27497005,13.63812331,0.754570164,0.52809828,0.659446506,0.582168965,83.4288559,0.340967742,12.48,-2.2,0.001301843,0.000140327
1.06.2014,11.41418253,11.0846712,12.68594577,0.774718956,0.530265437,0.663085491,0.581954858,98.7671051,0.094666667,11.54,0.6,0.015314505,0.003992582
1.07.2014,11.73771916,11.71095346,11.33743909,0.804702669,0.54341639,0.675898066,0.593904278,138.753952,0.433870968,12.3,-0.7,0.022210793,0.005870502
1.08.2014,13.11705107,12.46028205,12.21946481,0.80871089,0.55798464,0.69155128,0.596699143,136.4455872,0.400645161,13.49,0.7,0.003877499,0.002116493
1.09.2014,13.01072875,13.0791645,12.65504173,0.81705564,0.56678656,0.701788525,0.587110632,131.5566559,0.490333333,13.47,2.1,0.005987861,0.001692525
1.10.2014,19.11445027,16.48975041,15.43287645,0.801415258,0.584198231,0.718122159,0.589319116,83.66100311,4.16,18.06,2.3,-0.011126201,-0.002061609
1.11.2014,23.75955448,21.68065261,19.26306081,0.785727227,0.607776837,0.740243534,0.593884371,84.38005066,1.309666667,13.41,1.9,-0.010866864,-0.00151811
1.12.2014,36.62369566,31.09545686,27.70043159,0.783439999,0.631820328,0.764104587,0.599659302,86.52622223,1.052580645,16.29,4.8,-0.000889259,0.000887372
1.01.2015,41.04298234,39.09530047,34.7340399,0.798235611,0.65571242,0.787838248,0.61127529,111.9856949,1.122258065,19.12,4.5,0.012064393,0.004503971
1.02.2015,50.39147482,45.80073576,43.13542385,0.802841675,0.672340072,0.805088575,0.61488593,111.9246979,1.05,15.9,-2.7,0.004661638,0.002746099
1.03.2015,41.59230937,46.28278606,44.38017497,0.780039623,0.670678631,0.800891107,0.618080777,104.2352676,0.581935484,14.81,-2.4,-0.016602614,-0.003655751
1.04.2015,35.99064362,38.59839157,43.10889117,0.776109904,0.654229778,0.787312446,0.610149603,102.1904907,0.355,13.49,2.9,-0.002647219,-0.000128241
1.05.2015,27.24540581,32.21596884,35.41497431,0.780963104,0.643677039,0.778738255,0.608370976,76.2623291,0.769677419,13.34,-5.2,0.00430476,0.002126892
1.06.2015,35.27624832,31.75552551,33.3564556,0.800561013,0.628450514,0.765076731,0.606515736,85.90596771,0.136666667,14.34,5.4,0.015622276,0.005359819
1.07.2015,34.18089935,34.63297931,32.67079402,0.834306609,0.621438904,0.759803586,0.605008801,106.8086624,0.311290323,14.35,-3,0.025993166,0.007898307
1.08.2015,36.11320116,35.47024859,35.47318787,0.867557662,0.617232127,0.757141086,0.598053984,82.47853088,0.782903226,19.43,-1.2,0.026331419,0.008653818
1.09.2015,55.79539429,47.40986518,43.51488228,0.880880768,0.619810697,0.758257207,0.594834965,98.76745605,0.247666667,24.38,-4.7,0.009801202,0.002356346
1.10.2015,41.6038577,49.25919511,45.80243212,0.886658096,0.616439084,0.755044991,0.586208981,91.93188477,0.244193548,16.79,2.8,0.004480098,0.001408736
1.11.2015,35.59641191,38.73757242,45.30490131,0.87863113,0.626774251,0.761456578,0.587303195,150.7158813,0.38,16.21,1.3,-0.006488571,-0.002600973
1.12.2015,36.75878851,36.41823371,38.09728388,0.895614715,0.648801104,0.773623468,0.589960096,148.2368774,0.37,18.03,1.3,0.011804536,0.002117024
1.01.2016,50.0620485,44.11861135,41.50163383,0.906046878,0.643352521,0.770953475,0.598698863,118.2111435,0.879354839,23.72,-0.6,0.007575837,0.001895342
1.02.2016,66.69463479,58.6372951,52.43718991,0.868321151,0.634334159,0.763989215,0.601608256,103.749649,0.724137931,22.52,-0.3,-0.028365155,-0.008284799
1.03.2016,59.84967915,63.74086421,59.54569118,0.853885762,0.626057847,0.759023026,0.596734042,109.7202911,0.707419355,15.85,-0.7,-0.011530411,-0.003893999
1.04.2016,45.75587362,53.30828074,58.32419178,0.81025198,0.603980504,0.740471495,0.587426033,85.22145081,0.597,14.3,-2,-0.033415641,-0.009882302
1.05.2016,44.63685325,45.31997482,50.64230429,0.784480965,0.587914825,0.727030206,0.580266535,88.33242035,0.472903226,14.85,5.7,-0.020463069,-0.006749283
1.06.2016,32.43550507,39.03175304,41.52844657,0.775309287,0.581996891,0.721741546,0.576089929,90.16812897,0.714,17.77,-1.2,-0.007814568,-0.003216061
1.07.2016,42.92372379,37.98907666,40.28426682,0.778191833,0.579539621,0.720658976,0.569332113,114.6104507,0.682258065,13.16,-3.5,0.001164051,-0.000968417
1.08.2016,36.00894149,39.54515027,37.40625795,0.773496421,0.575415002,0.716021591,0.565420395,98.73848724,0.325483871,12.4,-0.2,-0.004444791,-0.002416196
1.09.2016,40.57322169,38.41611998,39.96248571,0.783700947,0.573279734,0.712504243,0.565003518,104.5452271,0.278666667,14.22,1.4,0.007057703,0.001001544
1.10.2016,33.66210188,37.24050599,36.88756926,0.810388453,0.578641812,0.716558844,0.571788221,85.74778748,0.787741935,14.59,-4,0.019037248,0.003977773
1.11.2016,34.41791928,34.07071775,36.30386662,0.828010587,0.589666245,0.726907566,0.579155556,82.91875458,0.153333333,15.24,6.6,0.011704047,0.001789805
1.12.2016,51.45674245,43.75685457,40.64550339,0.766677263,0.595625585,0.73023561,0.582078037,102.1804657,0.186451613,12.47,4.4,-0.045708984,-0.012489683
1.01.2017,27.83409394,41.28390697,39.05613146,0.727695067,0.58992322,0.723409094,0.57732514,105.2012329,0.383870968,11.61,0.3,-0.030073064,-0.008671389
1.02.2017,23.78585525,26.05339401,36.51477745,0.700588306,0.584067765,0.718178834,0.581405765,114.2063599,0.298571429,11.53,-2.2,-0.021630889,-0.006780763
1.03.2017,31.0772341,27.94868206,28.29732931,0.683490156,0.581789509,0.716117673,0.581915187,96.63587952,0.353548387,11.9,0.6,-0.014544217,-0.005721513
1.04.2017,20.90414415,27.10371298,26.04056903,0.675205612,0.581348128,0.715702138,0.586962457,119.4599228,0.738,13.14,0.1,-0.007178019,-0.003088262
1.05.2017,27.6431791,24.93812274,27.1968864,0.678249159,0.578975125,0.715168313,0.585942177,102.5799637,0.166129032,10.86,0.1,0.001589445,-0.000444199
1.06.2017,32.49850868,30.46099493,27.82944856,0.678853236,0.572945242,0.710278081,0.584501549,126.7890167,0.368666667,10.51,-2.1,0.000642541,0.000167953
1.07.2017,33.16754795,32.87570022,31.46489652,0.682758748,0.57253314,0.709309733,0.58579137,102.8134613,0.142580645,10.26,-1.6,0.002851894,0.000694105
1.08.2017,25.50692393,29.44396932,30.49421681,0.697014583,0.58030999,0.714908222,0.592179723,138.5316162,0.474516129,11.98,3.4,0.011273886,0.003291735
1.09.2017,19.24997094,22.43730364,26.4330131,0.715104099,0.585553242,0.718835775,0.595894097,115.5344467,0.217,10.44,-1.7,0.014197606,0.004564068
1.10.2017,23.79900844,21.80116576,22.89450599,0.708861889,0.584293946,0.716694943,0.598751219,91.46157074,0.22483871,10.13,5.6,-0.002859304,0.00151288
1.11.2017,22.63499777,23.1659268,22.10460379,0.712450154,0.574693613,0.709181116,0.584592031,92.59601593,0.17,10.54,-2.2,0.004497263,0.003536146
1.12.2017,20.6116088,21.7744241,22.56061205,0.720130883,0.573826572,0.70737044,0.587306005,82.71825409,0.41516129,10.26,-2.6,0.007459434,0.004077983
1.01.2018,18.51870658,19.74471685,20.76074848,0.742110681,0.579784441,0.711164579,0.598685484,92.42678833,0.38,11.06,-0.2,0.018548674,0.007359628
1.02.2018,20.59357623,19.60735982,19.99921231,0.764440251,0.583423325,0.713299576,0.606525551,64.49137115,0.472142857,22.46,4,0.018047858,0.006216945
1.03.2018,23.8707487,22.26411022,21.1339525,0.759888699,0.576583634,0.707435175,0.598684276,111.9622955,0.330967742,19.02,1.7,-0.003025954,-0.000108134
1.04.2018,29.17139509,26.72179958,24.7997564,0.768790833,0.580568883,0.707674751,0.613420622,123.2634735,0.491333333,18.27,-2.6,0.007337113,0.00270904
1.05.2018,29.56978913,29.32450065,27.61881576,0.792119686,0.584475122,0.71033857,0.625991232,125.6666183,0.320322581,14.12,-0.8,0.018175548,0.005604757
1.06.2018,29.39582633,29.50537541,29.36665309,0.805826455,0.571124689,0.701826943,0.606408207,103.9685898,0.164666667,13.68,0.2,0.011567192,0.004663994
1.07.2018,32.00592495,30.74095056,30.41616415,0.838788833,0.562103543,0.695862679,0.594586475,110.0284271,0.274516129,13.15,-0.3,0.025940987,0.008620156
1.08.2018,24.31924551,28.84134397,28.92426147,0.888342341,0.559092474,0.694324333,0.589460866,112.741684,0.192580645,12.55,-1.7,0.038098559,0.01171347
1.09.2018,21.19642962,22.5704827,26.4962793,0.954076172,0.560015892,0.697930431,0.583434465,75.0539093,0.313666667,12.91,3.9,0.050058846,0.014500991
1.10.2018,21.54249755,21.45899912,22.34643298,1.050317231,0.571131185,0.710086475,0.587541556,92.01647949,0.399032258,19.35,-1.5,0.070806673,0.01955507
1.11.2018,34.42743577,28.89869285,26.68848738,1.082646411,0.590264744,0.728352166,0.599713384,80.40758514,0.348666667,19.39,-1.1,0.025180962,0.008364794
1.12.2018,47.28568066,40.89002096,35.65934389,1.154614022,0.609366235,0.743134017,0.61949973,90.60766602,0.239677419,24.95,0.8,0.051348641,0.013731228
1.01.2019,45.66055488,46.32901738,42.14374199,1.134170364,0.611838107,0.746384725,0.62423266,87.42410278,0.585806452,19.57,-7.1,-0.012712946,-0.001756904
1.02.2019,25.19231913,37.1347437,40.64407387,1.07038155,0.605833629,0.742997918,0.614016264,96.80016327,0.111785714,15.23,2.6,-0.044212221,-0.010058592
1.03.2019,22.72918038,24.24484025,33.25599625,1.045864406,0.603032165,0.740973714,0.609393627,82.32829285,0.380967742,14.49,4.6,-0.017883164,-0.004427899
1.04.2019,22.59989477,22.79730155,23.81313423,1.045235355,0.612518283,0.747839966,0.620263428,79.25344849,0.574666667,12.95,-1.2,-0.000151955,0.000492714
1.05.2019,29.73373268,26.63298116,25.41540758,1.073280126,0.610062545,0.747811475,0.614601695,106.4719009,0.577741935,16.72,2.8,0.019757611,0.005082724
1.06.2019,37.00213069,33.58077277,30.46209607,1.056274932,0.613593492,0.751701333,0.618554532,106.5884552,0.419333333,15.84,-1.8,-0.01173981,-0.002391461
1.07.2019,31.99938924,34.28837839,32.94180463,1.024806916,0.619042014,0.756307003,0.629236334,93.52125549,0.386129032,13.31,0.2,-0.022242463,-0.005181934
1.08.2019,39.07643377,35.68118233,35.96557346,1.027373026,0.632114733,0.768131334,0.643654948,103.4044189,0.603548387,18.98,-8.6,0.001342615,0.000464087
1.09.2019,48.59002208,44.39650623,40.66817814,1.012765256,0.649892933,0.784190215,0.665815174,90.36798859,0.626666667,15.56,3.4,-0.008748971,-0.000602266
1.10.2019,38.9440243,45.30388044,43.55164613,1.014903101,0.677054143,0.809070954,0.694134619,97.83673096,0.984193548,15.47,2.3,0.003284545,0.002686881
1.11.2019,24.73444535,31.85912203,39.43501161,1.048093816,0.713202558,0.841753053,0.739553686,73.0783844,0.583333333,12.52,1.3,0.025453551,0.008150589
1.12.2019,21.01980278,23.04710275,28.87486888,1.10862364,0.761362981,0.886659917,0.787412605,74.27989197,0.765806452,13.76,2.5,0.044616482,0.012723147
1.01.2020,26.97371044,24.22406964,24.44050213,1.208517255,0.835794968,0.955833006,0.864319602,138.4209442,1.118709677,13.94,0.5,0.071369099,0.019082181
1.02.2020,37.4259714,32.65569111,29.31043823,1.343939806,0.951858662,1.062425375,0.988803362,75.95555878,8.854827586,19.63,1.2,0.093616664,0.023924331
1.03.2020,111.3160925,83.91761974,70.42535391,1.494656684,1.156669265,1.244870332,1.223651577,81.54003143,50.21548387,57.74,-11.9,0.099324719,0.024152138
1.04.2020,256.2853371,198.6677041,163.7101985,1.41292732,1.234096362,1.285373299,1.323402329,69.33940125,37.821,41.45,-17.3,-0.048235228,-0.004217928
1.05.2020,246.6555908,255.8000511,218.5666701,1.270182976,1.275098063,1.298436801,1.433226105,68.50721741,28.72548387,30.9,0.5,-0.093762909,-0.019222228
1.06.2020,68.55777985,182.7305248,212.7632983,1.182471522,1.230609125,1.252189829,1.399718996,71.2278595,25.84233333,31.12,5.8,-0.060035151,-0.013499969
1.07.2020,33.93352363,52.2594945,141.1751982,1.140740201,1.120973458,1.172260282,1.261169791,66.47328186,20.35,26.84,-5.6,-0.029606543,-0.00713077
1.08.2020,21.74713011,28.06120199,42.67100952,1.122840874,1.032127412,1.105315859,1.159178557,65.46604919,20.40032258,22.89,1.6,-0.014014788,-0.004530837
1.09.2020,41.15669378,33.02638267,33.60518311,1.123464644,0.940228786,1.040876356,1.055586328,80.37738037,18.584,27.65,6.3,-0.001217599,-0.001680283
1.10.2020,40.63308216,41.36369985,36.19020461,1.139291291,0.880244656,0.992734234,0.988072139,76.08316803,23.11258065,29.44,1.4,0.010741712,0.002462182
1.11.2020,45.5033277,43.23907781,42.95922275,1.19150695,0.843582742,0.96480188,0.943529674,70.06746674,18.20333333,25,-4.9,0.035315366,0.008164122
1.12.2020,27.85347673,37.83200362,38.89992884,1.117899945,0.82997336,0.952819337,0.934218585,64.06729126,17.7816129,22.37,3.8,-0.050798072,-0.01196345
1.01.2021,28.86148737,28.38530086,35.15937355,1.074681877,0.840315062,0.95781918,0.954811329,78.42060852,21.30129032,24.91,-1.7,-0.031060409,-0.00825583
1.02.2021,21.59422338,25.49183626,26.64574259,1.044741283,0.866371453,0.977212526,0.997059813,74.35603333,17.89,23.14,-2.2,-0.021684794,-0.005738655
1.03.2021,39.78504061,32.48667208,31.29157209,0.982682953,0.869432251,0.980666092,1.00121163,79.94161987,19.35709677,21.84,8.1,-0.043421775,-0.010123983
1.04.2021,44.80766515,43.85723426,37.92750011,0.937560505,0.821024432,0.943745235,0.913828553,90.57736206,15.70866667,17.42,3.4,-0.032634616,-0.007691647
1.05.2021,26.15056112,38.35500328,38.84239426,0.909828551,0.791365179,0.917514892,0.856925839,94.01955414,13.25387097,19.76,-5.4,-0.019713229,-0.00395186
1.06.2021,20.73422439,23.86935389,33.55287064,0.899586996,0.762291893,0.898132496,0.808977351,75.57621002,11.41633333,16.96,2.6,-0.006959635,-0.001133251
1.07.2021,28.11220896,25.22806156,25.59641574,0.896894206,0.747582548,0.888076702,0.794205064,60.60164261,13.24,17.6,-4.3,-0.001295733,0.000595411
1.08.2021,37.23598095,33.68447995,29.97905388,0.898732472,0.727735773,0.874290271,0.769931586,90.60826874,9.089677419,17.47,-10.9,0.002679789,0.001985061
1.09.2021,29.92037242,33.82702606,32.74992585,0.920514442,0.732242606,0.877773667,0.776890483,81.63436127,10.41066667,19.82,2.5,0.017180884,0.005418832
1.10.2021,21.03733777,25.76569923,30.0474188,0.939087027,0.741130227,0.883714595,0.780086898,80.95104218,10.65,17.87,-1.1,0.015363649,0.005736601
1.11.2021,27.68844591,24.95318618,26.87609303,0.963531262,0.731708237,0.878401379,0.757088836,89.13878632,9.647333333,18.5,-4.3,0.019600176,0.006782647
1.12.2021,51.10523757,42.09955565,36.46178239,0.986454251,0.743089559,0.891079181,0.758736971,108.5250473,10.14709677,21.35,3.2,0.019179576,0.007816768
1.01.2022,31.07916462,42.32490244,38.85191134,1.018393879,0.765847797,0.913509925,0.767151518,141.1321564,17.53967742,23.18,-3.4,0.025552435,0.009720524
1.02.2022,29.13065317,30.47026091,39.00284768,1.002738431,0.779554281,0.930676219,0.762107519,219.0926056,13.09035714,25.75,-4.4,-0.008690044,0.00046549
1.03.2022,74.09583717,56.74471679,49.90757075,1.015765753,0.790796884,0.94296635,0.746110175,325.4237671,14.26419355,26.97,-3.4,0.008596036,0.001258559
1.04.2022,66.51759718,72.0659914,61.25352149,1.058478831,0.793873118,0.949032337,0.734499837,194.7902069,13.1,24.37,5.8,0.028457878,0.004840948
1.05.2022,52.9009554,61.15003733,66.10831286,1.052142982,0.778468664,0.936116274,0.718627912,144.6771545,17.67290323,29.31,-6.8,-0.005597257,-0.003303832
1.06.2022,33.38148747,44.35372006,53.5585734,1.077949272,0.762128731,0.921469681,0.700513855,134.8953857,13.669,28.23,-8.4,0.017084548,0.00266217
